,0,1,2,3,4,5,6,7,8,9,10,11,12,13,14,15,16,17,18,19,20,21,22,23,24,25,26,27,28,29,30,31,32,33,34,35,36,37,38,39,40,41,42,43,44,45,46,47,48,49,50,51,52,53,54,55,56,57,58,59,60,61,62,63,64,65,66,67,68,69,70,71,72
0,0.24296774193548384,16.04,15.52,31.55,0.8464720634861833,-0.23734681550677852,-0.9472662208420112,0.6671827669045997,-0.5324331373397442,-0.9714249786621668,-0.32044766632274635,-0.7448940565916221,0.9932,0.006500000000000001,0.0003,0.9939,0.0012,0.0004,0.0001,0.0,0.0,0.0038,0.0006,3630.0,9999.0,9999.0,9999.0,9999.0,9999.0,9999.0,9999.0,9999.0,2525.0,9999.0,9999.0,9999.0,9999.0,9999.0,9999.0,9999.0,424.0,9999.0,9999.0,0.0,9999.0,9999.0,9999.0,9999.0,9999.0,9999.0,2253.0,0.0,0.0,0.0,-3.0,-3.0,-3.0,-1.0,-2.0,-3.0,-3.0,-3.0,3.0,1.0,-2.0,1.0,-1.0,-3.0,-2.0,0.0,-3.0,-1.0,4.0
1,0.3387826086956522,6.83,19.11,26.87,0.801044909194616,-0.5557153433806964,-0.9923319378854888,0.2749662014376661,-0.5986042544564726,-0.8313726343411086,-0.12360147674049249,-0.9614538928450708,0.8653,0.0793,0.0554,0.8418000000000001,0.0132,0.0192,0.0356,0.0155,0.0,0.0387,0.036000000000000004,9999.0,9999.0,9999.0,9999.0,9999.0,491.0,9999.0,9999.0,9999.0,9999.0,9999.0,9999.0,9999.0,9999.0,9999.0,2266.0,3630.0,9999.0,9999.0,9999.0,0.0,9999.0,9999.0,9999.0,9999.0,9999.0,9999.0,2253.0,0.0,0.0,1.0,-1.0,0.0,-1.0,-1.0,0.0,-1.0,2.0,-1.0,-2.0,-3.0,0.0,-2.0,-3.0,-1.0,3.0,2.0,-3.0,-2.0,-2.0
2,0.3867407407407408,14.27,11.58,25.97,0.9990482215818578,-0.9565086368562778,-0.8847437209692485,-0.5157858982850475,-0.04361938736533589,-0.2917040068619989,0.466077834921903,0.8567175188650497,0.3603,0.032,0.6076,0.1519,0.07629999999999999,0.1489,0.1035,0.48969999999999997,0.0002,0.0209,0.0085,9999.0,0.0,9999.0,9999.0,9999.0,9999.0,9999.0,9999.0,9999.0,9999.0,9999.0,9999.0,9999.0,9999.0,9999.0,9999.0,9999.0,9999.0,9999.0,9999.0,0.0,9999.0,9999.0,9999.0,9999.0,9999.0,9999.0,2253.0,0.0,0.0,0.0,-4.0,-3.0,-4.0,9.0,-3.0,-4.0,-3.0,-3.0,-1.0,-1.0,-3.0,-2.0,-3.0,-3.0,-1.0,-1.0,-3.0,-3.0,-1.0
3,0.7718421052631579,1.66,16.96,18.57,0.9995174638954168,0.8797315715528858,-0.9357521395924006,-0.4129454792501566,-0.0310618635640874,0.4754706741883139,0.3526583803743284,0.9107557472598559,0.3628,0.028999999999999998,0.6082,0.07780000000000001,0.0726,0.2192,0.11130000000000001,0.49060000000000004,0.0016,0.0173,0.0095,3654.0,9999.0,9999.0,421.0,9999.0,2525.0,9999.0,9999.0,9999.0,9999.0,9999.0,9999.0,9999.0,9999.0,9999.0,9999.0,9999.0,9999.0,9999.0,9999.0,275.0,2525.0,9999.0,0.0,9999.0,9999.0,9999.0,2253.0,1125.0,0.0,-1.0,0.0,0.0,2.0,-4.0,2.0,5.0,-2.0,0.0,-3.0,-3.0,1.0,-2.0,-3.0,-1.0,0.0,-1.0,-3.0,-2.0,-3.0
4,0.6012666666666666,4.31,16.06,21.25,0.9902437633706288,0.7226053016388033,-0.999001995685138,-0.07236784828579108,-0.1393459332222296,0.691260861067292,-0.04466556410828606,0.9973780098510718,0.34259999999999996,0.029900000000000003,0.6274000000000001,0.0911,0.0791,0.1884,0.1183,0.49520000000000003,0.0012,0.0179,0.0089,9999.0,9999.0,1500.0,629.0,9999.0,9999.0,9999.0,9999.0,9999.0,9999.0,9999.0,9999.0,9999.0,9999.0,9999.0,9999.0,9999.0,9999.0,9999.0,9999.0,0.0,9999.0,9999.0,9999.0,9999.0,9999.0,9999.0,2253.0,0.0,0.0,-2.0,-2.0,1.0,6.0,-4.0,0.0,2.0,-1.0,-1.0,-3.0,-4.0,-1.0,-3.0,-4.0,-2.0,0.0,-1.0,-5.0,-3.0,-3.0
5,0.15933333333333335,18.65,9.04,26.52,0.9321343272411138,0.9885202717463525,-0.997039347044609,0.8767267557075078,-0.362112684089851,-0.15108829321465442,0.07689304549086179,-0.48098876891938747,0.8726,0.011200000000000002,0.1161,0.6007,0.2576,0.0173,0.10310000000000001,0.0115,0.0,0.0033,0.006500000000000001,9999.0,0.0,9999.0,9999.0,9999.0,9999.0,9999.0,9999.0,9999.0,9999.0,9999.0,9999.0,9999.0,9999.0,9999.0,9999.0,9999.0,9999.0,9999.0,9999.0,0.0,9999.0,9999.0,9999.0,9999.0,9999.0,9999.0,2253.0,0.0,0.0,0.0,-4.0,-3.0,-4.0,9.0,-3.0,-4.0,-3.0,-3.0,-1.0,-1.0,-3.0,-2.0,-3.0,-3.0,-1.0,-1.0,-3.0,-3.0,-1.0
6,0.42779310344827587,6.79,15.44,23.67,0.9636770804269577,-0.9485449445269375,-0.9090180203077772,0.5695664711513575,-0.26707018676702776,-0.3166425243273383,0.41675681008920473,-0.821945274905933,0.4547,0.0115,0.5337,0.3055,0.047599999999999996,0.106,0.384,0.1451,0.0001,0.0067,0.0049,9999.0,9999.0,9999.0,9999.0,9999.0,9999.0,9999.0,9999.0,9999.0,9999.0,9999.0,9999.0,275.0,9999.0,2525.0,9999.0,9999.0,9999.0,9999.0,9999.0,0.0,9999.0,9999.0,9999.0,9999.0,9999.0,9999.0,2253.0,0.0,0.0,-1.0,-2.0,-2.0,-2.0,-3.0,-1.0,-1.0,-2.0,-2.0,-3.0,-3.0,-1.0,-3.0,-4.0,8.0,-1.0,-1.0,-4.0,-3.0,-3.0
7,0.7143684210526315,2.33,17.14,19.56,0.9963601890810808,-0.9884674717597689,-0.914889221973527,-0.5276972660417242,-0.08524302677822325,0.15143334267211567,0.4037049807925023,0.849432513747908,0.31620000000000004,0.021,0.6628000000000001,0.0816,0.0581,0.1693,0.42469999999999997,0.2426,0.0022,0.0141,0.0074,9999.0,9999.0,9999.0,1882.0,9999.0,9999.0,9999.0,9999.0,2071.0,9999.0,1544.0,9999.0,3604.0,9999.0,9999.0,9999.0,9999.0,3928.0,9999.0,9999.0,0.0,9999.0,9999.0,9999.0,9999.0,9999.0,9999.0,2253.0,0.0,0.0,-1.0,0.0,0.0,3.0,-4.0,2.0,5.0,-2.0,0.0,-3.0,-3.0,1.0,-2.0,-4.0,-1.0,0.0,-1.0,-3.0,-2.0,-3.0
8,0.4706153846153846,6.57,14.75,22.52,0.9941132045189992,0.7632324697825289,-0.9673120271596826,-0.3179666338324109,-0.10834637327094229,0.6461239796429639,0.25358912065036526,0.948101903684032,0.2706,0.0394,0.6901,0.0848,0.0537,0.1326,0.43920000000000003,0.2468,0.0038,0.0264,0.0127,9999.0,9999.0,9999.0,9999.0,9999.0,9999.0,395.0,9999.0,9999.0,9999.0,9999.0,9999.0,9999.0,9999.0,9999.0,9999.0,9999.0,9999.0,9999.0,2063.0,0.0,9999.0,9999.0,9999.0,9999.0,9999.0,9999.0,2253.0,0.0,0.0,-2.0,0.0,1.0,-1.0,-3.0,0.0,0.0,-2.0,8.0,-4.0,-3.0,-1.0,-2.0,-1.0,-2.0,-1.0,-2.0,-3.0,2.0,-3.0
9,0.19555555555555554,14.92,9.53,24.4,0.9850793038620546,0.8723253929315788,-0.9972888515115433,-0.12290866829228697,-0.17210103167224158,0.48892577028294043,0.07358632108474325,0.9924179861623914,0.3671,0.0747,0.5581,0.1985,0.0766,0.1142,0.3789,0.1583,0.0023,0.042800000000000005,0.0285,9999.0,0.0,9999.0,9999.0,9999.0,9999.0,9999.0,9999.0,9999.0,9999.0,9999.0,9999.0,9999.0,9999.0,9999.0,9999.0,9999.0,9999.0,9999.0,9999.0,0.0,9999.0,9999.0,9999.0,9999.0,9999.0,9999.0,2253.0,0.0,0.0,0.0,-4.0,-3.0,-4.0,9.0,-3.0,-4.0,-3.0,-3.0,-1.0,-1.0,-3.0,-2.0,-3.0,-3.0,-1.0,-1.0,-3.0,-3.0,-1.0
10,0.6478260869565218,3.84,14.24,19.22,0.9965074486107472,0.9929241168305712,-0.9381913359224842,-0.4530571911317287,-0.08350392124504695,0.11875057143538378,0.346117057077493,0.8914814532921188,0.6154,0.0305,0.35409999999999997,0.1559,0.1382,0.3283,0.2753,0.0705,0.0018,0.0168,0.013300000000000001,2617.0,9999.0,9999.0,9999.0,9999.0,9999.0,9999.0,9999.0,780.0,9999.0,9999.0,9999.0,9999.0,9999.0,9999.0,1973.0,9999.0,9999.0,9999.0,9999.0,0.0,9999.0,9999.0,9999.0,9999.0,9999.0,9999.0,2253.0,0.0,0.0,2.0,-1.0,0.0,-1.0,-1.0,0.0,0.0,0.0,-1.0,-2.0,-2.0,0.0,-1.0,-3.0,-1.0,4.0,1.0,-3.0,-2.0,-1.0
11,0.6870714285714286,1.98,13.56,15.71,0.984868307661866,0.7736190709530248,-0.9986658287817988,-0.18360823024919293,-0.17330440433887495,0.6336509552251766,0.05163876861005652,0.9829995003990385,0.7069,0.0171,0.276,0.11699999999999999,0.21280000000000002,0.38689999999999997,0.2066,0.0579,0.0012,0.008199999999999999,0.009399999999999999,9999.0,9999.0,9999.0,9999.0,9999.0,1081.0,9999.0,9999.0,9999.0,9999.0,9999.0,9999.0,9999.0,3947.0,9999.0,2525.0,1792.0,9999.0,9999.0,9999.0,0.0,9999.0,9999.0,9999.0,9999.0,9999.0,9999.0,2253.0,0.0,0.0,0.0,-1.0,0.0,-1.0,-1.0,2.0,0.0,-2.0,-1.0,-1.0,-1.0,0.0,-1.0,-2.0,-1.0,1.0,4.0,-3.0,-2.0,0.0
12,0.6300555555555556,5.52,11.18,18.09,0.9857622229237313,-0.007330317209460581,-0.9916261438234949,0.02792163872356888,-0.16814529388735158,0.9999731328638829,0.12914174726146996,0.9996101150403544,0.8170999999999999,0.015300000000000001,0.1675,0.1499,0.2962,0.37939999999999996,0.0958,0.061900000000000004,0.0004,0.0074,0.0091,9999.0,9999.0,9999.0,9999.0,9999.0,9999.0,9999.0,9999.0,457.0,9999.0,9999.0,9999.0,9999.0,1882.0,9999.0,9999.0,9999.0,9999.0,9999.0,9999.0,0.0,9999.0,9999.0,9999.0,9999.0,9999.0,9999.0,2253.0,0.0,0.0,-1.0,1.0,0.0,0.0,-3.0,5.0,2.0,-2.0,0.0,-3.0,-2.0,2.0,-1.0,-3.0,-1.0,0.0,-1.0,-2.0,-2.0,-2.0
13,0.7909999999999999,1.84,15.12,17.43,0.9879868527780423,-0.8894961383826188,-0.959756291775051,0.41183247328757494,-0.15453795241861729,-0.45694268765613166,0.2808342222703693,0.9112595755029622,0.8903,0.0276,0.0821,0.3268,0.17370000000000002,0.3956,0.0223,0.056100000000000004,0.0,0.0168,0.0087,9999.0,9999.0,3604.0,2525.0,9999.0,9999.0,9999.0,9999.0,1993.0,9999.0,2882.0,1702.0,9999.0,4329.0,9999.0,9999.0,9999.0,9999.0,9999.0,9999.0,0.0,9999.0,9999.0,9999.0,9999.0,9999.0,9999.0,2253.0,0.0,0.0,-1.0,1.0,3.0,2.0,-3.0,1.0,1.0,-1.0,0.0,-3.0,-3.0,3.0,-2.0,-3.0,-1.0,0.0,-1.0,-4.0,-2.0,-3.0
14,0.29878260869565215,13.37,10.26,23.98,0.8873329783375824,0.819552276527134,-0.9974904544890437,0.6218314452338126,-0.46112925037841124,-0.573004420610515,-0.07080108193552541,-0.7831511052909443,0.8011,0.1282,0.0708,0.4496,0.22149999999999997,0.1341,0.0125,0.0602,0.0001,0.1015,0.0206,229.0,9999.0,9999.0,9999.0,9999.0,9999.0,9999.0,9999.0,9999.0,9999.0,9999.0,9999.0,9999.0,3604.0,9999.0,3960.0,9999.0,9999.0,9999.0,9999.0,0.0,9999.0,9999.0,9999.0,9999.0,9999.0,9999.0,2253.0,0.0,0.0,4.0,-1.0,-1.0,-2.0,-1.0,2.0,0.0,0.0,-1.0,-2.0,-2.0,0.0,-1.0,-3.0,-1.0,1.0,0.0,-3.0,-2.0,0.0
15,0.6631111111111111,3.28,19.92,23.37,0.9456889130689353,-0.6865800985957727,-0.9998738758086451,0.9579227442336274,-0.32507303748311056,-0.7270541714426917,-0.015881828465203987,-0.2870261592258036,0.5882000000000001,0.374,0.0378,0.4253,0.099,0.0591,0.0078000000000000005,0.0302,0.0,0.3618,0.0168,9999.0,9999.0,9999.0,9999.0,9999.0,2525.0,9999.0,3960.0,2431.0,2993.0,9999.0,4337.0,9999.0,3998.0,1781.0,9999.0,9999.0,4381.0,9999.0,9999.0,0.0,9999.0,9999.0,9999.0,9999.0,9999.0,9999.0,2253.0,0.0,0.0,-1.0,6.0,0.0,-2.0,-4.0,2.0,0.0,-2.0,0.0,-3.0,-2.0,2.0,-1.0,-3.0,-2.0,-1.0,-1.0,-3.0,-2.0,-3.0
16,0.2722608695652174,18.45,10.24,27.55,0.8577958985434536,-0.42325088089660934,-0.9987457106821659,0.5897602970758204,-0.5139904633765386,-0.9060125229930568,-0.05007000493284873,-0.8075783503741542,0.4857,0.5122,0.002,0.4464,0.0216,0.0021,0.0005,0.0011,0.0,0.5251,0.0032,1500.0,9999.0,9999.0,9999.0,9999.0,9999.0,9999.0,9999.0,9999.0,9999.0,9999.0,9999.0,1081.0,9999.0,9999.0,2525.0,9999.0,9999.0,9999.0,9999.0,0.0,9999.0,9999.0,9999.0,9999.0,9999.0,9999.0,2253.0,0.0,0.0,4.0,-2.0,-2.0,-2.0,0.0,-1.0,-1.0,0.0,-2.0,-1.0,-2.0,-1.0,-1.0,-2.0,-1.0,1.0,0.0,-3.0,-2.0,0.0
17,0.5566,3.48,20.79,24.8,0.7691765361454937,-0.15608968724616065,-0.7549385420414514,0.4639146089791969,-0.639036349704162,-0.9877428863501856,-0.6557955456850312,-0.8858799216460879,0.045,0.9543,0.0006,0.0425,0.0032,0.0006,0.0003,0.0003,0.0,0.9484,0.0046,9999.0,9999.0,9999.0,9999.0,2525.0,9999.0,9999.0,9999.0,1500.0,9999.0,9999.0,9999.0,9999.0,9999.0,9999.0,9999.0,1081.0,9999.0,9999.0,9999.0,0.0,9999.0,9999.0,9999.0,9999.0,9999.0,9999.0,2253.0,0.0,0.0,-1.0,2.0,0.0,-1.0,-3.0,1.0,1.0,-2.0,-1.0,-3.0,-3.0,5.0,-1.0,-3.0,-1.0,0.0,-1.0,-3.0,-2.0,-2.0
18,0.4308888888888889,13.51,9.94,23.41,0.8768945990445054,-0.7637960286346424,-0.970883955818731,0.7423267738079495,-0.4806827042515427,-0.6454576877239504,-0.23955029604192182,-0.6700380294340622,0.0462,0.9533,0.0005,0.0415,0.004699999999999999,0.0008,0.0001,0.0003,0.0,0.9488,0.0038,9999.0,0.0,9999.0,9999.0,9999.0,9999.0,9999.0,9999.0,9999.0,9999.0,9999.0,9999.0,9999.0,9999.0,9999.0,9999.0,9999.0,9999.0,9999.0,9999.0,0.0,9999.0,9999.0,9999.0,9999.0,9999.0,9999.0,2253.0,0.0,0.0,0.0,-4.0,-3.0,-4.0,9.0,-3.0,-4.0,-3.0,-3.0,-1.0,-1.0,-3.0,-2.0,-3.0,-3.0,-1.0,-1.0,-3.0,-3.0,-1.0
19,0.5848,3.38,12.62,17.73,0.8757174530458134,0.09949341818939246,-0.7365694562709033,0.8799804068126486,-0.4828239248742275,-0.9950382202392984,-0.6763619120624592,-0.47500998265914957,0.2167,0.7796,0.0037,0.14,0.0524,0.0281,0.0005,0.0036,0.0,0.7673000000000001,0.008,9999.0,9999.0,880.0,2142.0,9999.0,9999.0,9999.0,2525.0,9999.0,9999.0,9999.0,9999.0,9999.0,9999.0,9999.0,9999.0,9999.0,9999.0,9999.0,4153.0,0.0,9999.0,9999.0,9999.0,9999.0,9999.0,9999.0,2253.0,0.0,0.0,-2.0,-1.0,1.0,6.0,-4.0,0.0,3.0,-2.0,-1.0,-3.0,-4.0,0.0,-3.0,-4.0,-2.0,0.0,-1.0,-4.0,-3.0,-3.0
20,0.9099375000000001,0.45,13.24,11.96,0.9960874738184862,-0.40226737870323304,0.7990554615362198,0.5381825110347072,-0.08837275882253863,0.9155222313145813,0.6012573237717266,0.8428283246405387,0.9940000000000001,0.004,0.002,0.0088,0.1475,0.8373999999999999,0.0,0.0026,0.0,0.0031,0.0005,9999.0,9999.0,2557.0,9999.0,9999.0,3928.0,9999.0,9999.0,9999.0,9999.0,9999.0,914.0,9999.0,9999.0,9999.0,2525.0,9999.0,9999.0,9999.0,4060.0,0.0,9999.0,9999.0,9999.0,9999.0,9999.0,9999.0,2253.0,0.0,0.0,-2.0,0.0,6.0,1.0,-3.0,0.0,0.0,0.0,1.0,-3.0,-4.0,0.0,-2.0,-3.0,-2.0,1.0,0.0,-4.0,-2.0,-3.0
21,0.7151333333333333,4.77,12.19,18.55,0.9965220076166373,-0.7324240794262119,0.935382323584084,0.2039834900671044,-0.08332999661410345,0.6808487114452564,0.3536381041777596,0.9789743284581284,0.9956999999999999,0.0027,0.0016,0.0095,0.177,0.8089,0.0,0.0021,0.0,0.0022,0.0002,9999.0,9999.0,1500.0,3654.0,9999.0,819.0,9999.0,9999.0,9999.0,9999.0,9999.0,9999.0,9999.0,9999.0,9999.0,9999.0,9999.0,9999.0,9999.0,9999.0,89.0,9999.0,4060.0,9999.0,9999.0,9999.0,9999.0,2253.0,0.0,0.0,-2.0,-2.0,1.0,6.0,-4.0,0.0,2.0,-1.0,-1.0,-3.0,-4.0,-1.0,-3.0,-4.0,-2.0,0.0,-1.0,-5.0,-3.0,-3.0
22,0.50485,5.04,16.52,23.16,0.7927154119254235,0.9852589874779215,-0.8688044092160553,0.5591929034707469,-0.6095918927412881,-0.17106936486110247,-0.4951554286552266,-0.8290375725550416,0.099,0.9009,0.0001,0.07,0.023799999999999998,0.0019,0.0,0.0001,0.0,0.9001,0.004,9999.0,9999.0,9999.0,9999.0,9999.0,9999.0,9999.0,9999.0,1442.0,9999.0,9999.0,9999.0,9999.0,9999.0,2471.0,9999.0,9999.0,1147.0,9999.0,9999.0,0.0,9999.0,9999.0,9999.0,9999.0,0.0,9999.0,2239.0,0.0,1000.0,-1.0,2.0,0.0,-1.0,-3.0,1.0,1.0,-2.0,-1.0,-3.0,-3.0,5.0,-1.0,-3.0,-1.0,0.0,-1.0,-3.0,-2.0,-2.0
23,0.15866666666666668,18.16,12.19,30.69,0.9013039611597456,-0.7849926664121722,-0.9991373865891984,0.7550529884574199,-0.43318722233896945,-0.6195050554104528,-0.0415268915247299,-0.6556637740652745,0.0127,0.9873000000000001,0.0,0.011699999999999999,0.0005,0.0,0.0,0.0,0.0,0.987,0.0008,9999.0,0.0,9999.0,9999.0,9999.0,9999.0,9999.0,9999.0,9999.0,9999.0,9999.0,9999.0,9999.0,9999.0,9999.0,9999.0,9999.0,9999.0,9999.0,9999.0,0.0,9999.0,9999.0,9999.0,9999.0,9999.0,9999.0,2253.0,0.0,0.0,0.0,-4.0,-3.0,-4.0,9.0,-3.0,-4.0,-3.0,-3.0,-1.0,-1.0,-3.0,-2.0,-3.0,-3.0,-1.0,-1.0,-3.0,-3.0,-1.0
24,0.34716129032258064,7.04,21.29,29.51,0.8545494903084881,-0.23785541987796285,-0.8992526145877602,0.7383376414109893,-0.5193699727684525,-0.9713005710050201,-0.4374296916729331,-0.6744312620835851,0.0393,0.9606,0.0001,0.0348,0.0022,0.0002,0.0,0.0,0.0,0.9611,0.0016,9999.0,9999.0,2525.0,4060.0,9999.0,9999.0,9999.0,9999.0,3654.0,9999.0,9999.0,1585.0,9999.0,9999.0,9999.0,9999.0,9999.0,1500.0,9999.0,9999.0,0.0,9999.0,9999.0,9999.0,9999.0,9999.0,9999.0,2253.0,0.0,0.0,0.0,-3.0,-3.0,-3.0,-1.0,-2.0,-3.0,-3.0,-3.0,3.0,1.0,-2.0,1.0,-1.0,-3.0,-2.0,0.0,-3.0,-1.0,4.0
25,0.2534074074074074,17.13,12.0,28.9,0.8802290008207917,-0.4324005214091677,-0.9775264097036622,0.7420928411930225,-0.4745491609033048,-0.901681645086047,-0.21081299374532872,-0.6702971095343224,0.2565,0.7424,0.0011,0.20010000000000003,0.047599999999999996,0.005600000000000001,0.0002,0.001,0.0,0.7378,0.0077,9999.0,0.0,9999.0,9999.0,9999.0,9999.0,9999.0,9999.0,9999.0,9999.0,9999.0,9999.0,9999.0,9999.0,9999.0,9999.0,9999.0,9999.0,9999.0,9999.0,0.0,9999.0,9999.0,9999.0,9999.0,9999.0,9999.0,2253.0,0.0,0.0,0.0,-4.0,-3.0,-4.0,9.0,-3.0,-4.0,-3.0,-3.0,-1.0,-1.0,-3.0,-2.0,-3.0,-3.0,-1.0,-1.0,-3.0,-3.0,-1.0
26,0.5423684210526316,4.72,16.28,22.23,0.8623369775573039,-0.3578790788750964,-0.946874013302666,0.6721083816068355,-0.5063348073531327,-0.9337679395350391,-0.3216047308919797,-0.7404527826768162,0.5995,0.39890000000000003,0.0016,0.42590000000000006,0.1557,0.0102,0.0002,0.0017000000000000001,0.0,0.39759999999999995,0.0088,9999.0,9999.0,9999.0,1500.0,2525.0,9999.0,9999.0,9999.0,9999.0,9999.0,9999.0,1081.0,9999.0,9999.0,9999.0,9999.0,9999.0,9999.0,9999.0,9999.0,0.0,9999.0,9999.0,9999.0,9999.0,9999.0,9999.0,2253.0,0.0,0.0,-1.0,0.0,0.0,2.0,-4.0,2.0,5.0,-2.0,0.0,-3.0,-3.0,1.0,-2.0,-3.0,-1.0,0.0,-1.0,-3.0,-2.0,-3.0
27,0.6353793103448275,4.91,12.41,19.16,0.9330163519114588,-0.9674888300213395,-0.9198899590563325,0.6061272273488072,-0.3598339715283048,-0.2529137477163701,0.39217657149215174,-0.7953677038115436,0.7518,0.2445,0.0037,0.7045999999999999,0.031400000000000004,0.0128,0.001,0.0027,0.0,0.225,0.0225,2491.0,9999.0,4060.0,9999.0,9999.0,2525.0,9999.0,3654.0,9999.0,9999.0,9999.0,9999.0,1784.0,9999.0,9999.0,3987.0,9999.0,2685.0,9999.0,9999.0,0.0,9999.0,9999.0,9999.0,9999.0,9999.0,9999.0,2253.0,0.0,0.0,1.0,-2.0,-2.0,-1.0,-2.0,-1.0,-1.0,-2.0,-2.0,-3.0,-3.0,-1.0,-2.0,-3.0,7.0,1.0,-1.0,-4.0,-3.0,-2.0
28,0.5608,7.98,11.53,20.65,0.9416469184137987,-0.682381202460839,-0.9997386344090743,0.8621601808342056,-0.33660225941279237,-0.7309965078768156,0.022861821228399214,-0.5066357888897406,0.995,0.0049,0.0002,0.995,0.0013,0.0004,0.0,0.0,0.0,0.0027,0.0005,9999.0,9999.0,9999.0,9999.0,9999.0,9999.0,9999.0,1000.0,9999.0,9999.0,9999.0,9999.0,9999.0,9999.0,9999.0,9999.0,9999.0,1000.0,9999.0,9999.0,0.0,9999.0,9999.0,0.0,9999.0,9999.0,9999.0,1074.0,0.0,0.0,-1.0,-3.0,-3.0,-3.0,-1.0,-3.0,-3.0,-4.0,-3.0,4.0,1.0,-3.0,1.0,0.0,-3.0,-2.0,-1.0,-3.0,-1.0,3.0
