Target,Spot_P(D),Spi_ASA,Spi_Phi,Spi_Psi,Spi_Theta,Spi_Tau,Spi_HSEa_up,Spi_HSEa_down,Spi_CN,Spi_P(3C),Spi_P(3E),Spi_P(3H),Spi_P(8G),Spi_P(8H),Spi_P(8I),Spi_P(8B),Spi_P(8E),Spi_P(8S),Spi_P(8T),Spi_P(8C),PSI_PSSM(1),PSI_PSSM(2),PSI_PSSM(3),PSI_PSSM(4),PSI_PSSM(5),PSI_PSSM(6),PSI_PSSM(7),PSI_PSSM(8),PSI_PSSM(9),PSI_PSSM(10),PSI_PSSM(11),PSI_PSSM(12),PSI_PSSM(13),PSI_PSSM(14),PSI_PSSM(15),PSI_PSSM(16),PSI_PSSM(17),PSI_PSSM(18),PSI_PSSM(19),PSI_PSSM(20),Opa_OPAL,Opa_PROMISS,Opa_MoRFchibi,cncc(0),cncc(1),cncc(2),cncc(3),ASA,HSEa-u,HSEa-d,CN13,theta,tau,phi,psi,theta_c,tau_c,phi_c,psi_c,P(3-C),P(3-E),P(3-H),P(8-C),P(8-S),P(8-T),P(8-H),P(8-G),P(8-I),P(8-E),P(8-B),HH_1,HH_2,HH_3,HH_4,HH_5,HH_6,HH_7,HH_8,HH_9,HH_10,HH_11,HH_12,HH_13,HH_14,HH_15,HH_16,HH_17,HH_18,HH_19,HH_20,HH_21,HH_22,HH_23,HH_24,HH_25,HH_26,HH_27,HH_28,HH_29,HH_30,PSSMS_1,PSSMS_2,PSSMS_3,PSSMS_4,PSSMS_5,PSSMS_6,PSSMS_7,PSSMS_8,PSSMS_9,PSSMS_10,PSSMS_11,PSSMS_12,PSSMS_13,PSSMS_14,PSSMS_15,PSSMS_16,PSSMS_17,PSSMS_18,PSSMS_19,PSSMS_20,Dis_AA(1),Dis_PP(1),Dis_PP(2),Dis_PP(3),Dis_PP(4),Dis_PP(5),Dis_PP(6),Dis_PP(7),Dis_PSSM(1),Dis_PSSM(2),Dis_PSSM(3),Dis_PSSM(4),Dis_PSSM(5),Dis_PSSM(6),Dis_PSSM(7),Dis_PSSM(8),Dis_PSSM(9),Dis_PSSM(10),Dis_PSSM(11),Dis_PSSM(12),Dis_PSSM(13),Dis_PSSM(14),Dis_PSSM(15),Dis_PSSM(16),Dis_PSSM(17),Dis_PSSM(18),Dis_PSSM(19),Dis_PSSM(20),Dis_SS(1),Dis_SS(2),Dis_SS(3),Dis_ASA(1),Dis_dphi(1),Dis_dpsi(1),Dis_MG(1),Dis_BG(1),Dis_BG(2),Dis_BG(3),Dis_BG(4),Dis_BG(5),Dis_BG(6),Dis_BG(7),Dis_BG(8),Dis_BG(9),Dis_BG(10),Dis_BG(11),Dis_BG(12),Dis_BG(13),Dis_BG(14),Dis_BG(15),Dis_BG(16),Dis_BG(17),Dis_BG(18),Dis_BG(19),Dis_BG(20),Dis_sPSEE(1),Dis_t(1),Spi_Phi,Spi_Psi
0,0.556,135.834,-95.667,105.915,111.086,137.672,3.906,7.963,11.857,1.0,0.0,0.0,0.0,0.0,0.0,0.0,0.0,0.0,0.0,1.0,-2,-2,1,6,-3,0,2,-1,-1,-3,-4,-1,-3,-3,-1,0,-1,-4,-3,-3,0.875389,0.796051,0.95,0.0,0.0,-0.1252146941082728,-0.2422170693182226,0.5782666666666666,4.29,12.93,18.46,0.965199301866,-0.5207116546699956,-0.997198204593572,0.9991301235616504,-0.2615154061950968,-0.8537326119405508,0.0748046840469005,-0.0417012732621115,0.9984,0.0002,0.0014,0.9978,0.0005,0.0005,0.001,0.0,0.0,0.0,0.0,9999.0,9999.0,0.0,9999.0,9999.0,9999.0,9999.0,9999.0,9999.0,9999.0,9999.0,9999.0,9999.0,9999.0,9999.0,9999.0,9999.0,9999.0,9999.0,9999.0,0.0,9999.0,9999.0,9999.0,9999.0,9999.0,9999.0,1000.0,0.0,0.0,-2.0,-2.0,1.0,6.0,-3.0,0.0,2.0,-1.0,-1.0,-3.0,-4.0,-1.0,-3.0,-3.0,-1.0,0.0,-1.0,-4.0,-3.0,-3.0,4,-0.24,-0.46,-0.31,-0.85,-1.0,-0.17,-0.71,-0.222,-0.222,0.111,0.667,-0.333,0.0,0.222,-0.111,-0.111,-0.333,-0.444,-0.111,-0.333,-0.333,-0.111,0.0,-0.111,-0.444,-0.333,-0.333,-0.9612,0.1868,-0.2256,0.3629,-0.36132,-0.33962,-0.0843,0.0843,-0.1909,-0.0198,-0.0322,0.2975,-0.1859,-0.2355,0.171,0.0248,0.2132,0.1537,-0.2033,0.0669,0.2875,0.0768,0.0545,0.0843,0.404,0.2057,0.114,0.06817,-1.0,-95.667,105.915
1,0.539,165.342,-73.228,-28.596,100.474,66.417,4.85,14.261,19.513,0.164,0.006,0.83,0.012,0.834,0.0,0.004,0.003,0.026,0.021,0.099,-3,-3,-4,-4,-2,-2,-3,-2,-2,-3,-2,-3,-1,1,-4,-3,-2,10,2,-3,0.875768,0.797138,0.95,0.0,-0.1252146941082728,0.3037167360046741,-0.1080283503591895,0.6386666666666667,2.48,10.98,14.51,0.996463589462739,0.7859648138317787,-0.9288742131985404,-0.5482932295199138,-0.084025679854636,-0.6182712280369977,0.3703953240185308,0.8362861558477596,0.1657999999999999,0.0007,0.8336,0.1186,0.0064,0.0397,0.8243,0.0103,0.0,0.0003,0.0004,9999.0,9999.0,9999.0,9999.0,9999.0,9999.0,9999.0,9999.0,9999.0,9999.0,9999.0,9999.0,9999.0,9999.0,9999.0,9999.0,9999.0,9999.0,0.0,9999.0,0.0,9999.0,9999.0,9999.0,9999.0,9999.0,9999.0,1000.0,0.0,0.0,-3.0,-3.0,-4.0,-4.0,-2.0,-2.0,-3.0,-2.0,-2.0,-3.0,-2.0,-3.0,-1.0,1.0,-4.0,-3.0,-2.0,10.0,2.0,-3.0,18,0.53,1.0,1.0,1.0,-0.23,0.31,0.59,-0.333,-0.333,-0.444,-0.444,-0.222,-0.222,-0.333,-0.222,-0.222,-0.333,-0.222,-0.333,-0.111,0.111,-0.444,-0.333,-0.222,1.111,0.222,-0.333,-0.9588,-0.7582,0.717,-0.2083,-0.39276,-0.578,-0.228,-0.0471,0.0124,0.1586,0.1983,0.4387,-0.0719,-0.0768,0.2776,0.2528,0.3941,0.3396,-0.0223,0.1785,0.4809,0.3247,-0.0074,0.1215,0.4933,0.3669,0.238,-1.777171,-0.8,-73.228,-28.596
2,0.492,73.557,-67.888,-39.531,97.532,53.669,6.609,16.217,23.907,0.068,0.006,0.926,0.014,0.922,0.0,0.002,0.005,0.011,0.018,0.03,-1,-2,-3,-4,-1,-2,-3,-4,-3,2,4,-2,2,0,-3,-2,-1,-2,-1,1,0.876166,0.797977,0.95,-0.2422170693182226,0.3037167360046741,-0.0413449115297361,0.3271022543084387,0.5632352941176471,3.25,11.1,15.71,0.998401550108975,0.8156330034743637,-0.9113314399495752,-0.6478540345658756,-0.0565185344820245,0.5785696186660587,0.4116734222164867,0.761764497661001,0.0532,0.0002,0.9465,0.0168,0.0062,0.0289999999999999,0.937,0.0107,0.0,0.0001,0.0001,9999.0,9999.0,9999.0,9999.0,9999.0,9999.0,9999.0,9999.0,9999.0,0.0,9999.0,9999.0,9999.0,9999.0,9999.0,9999.0,9999.0,9999.0,9999.0,9999.0,0.0,9999.0,9999.0,9999.0,9999.0,9999.0,9999.0,1000.0,0.0,0.0,-1.0,-2.0,-3.0,-4.0,-1.0,-2.0,-3.0,-4.0,-3.0,2.0,4.0,-2.0,2.0,0.0,-3.0,-2.0,-1.0,-2.0,-1.0,1.0,11,0.24,-0.07,-0.01,0.66,-0.21,0.79,-0.06,-0.111,-0.222,-0.333,-0.444,-0.111,-0.222,-0.333,-0.444,-0.333,0.222,0.444,-0.222,0.222,0.0,-0.333,-0.222,-0.111,-0.222,-0.111,0.111,-0.9496,-0.9146,0.8642,-0.4877,-0.74804,-0.68214,-0.0992,-0.1289,0.2528,0.2057,0.2652,0.0099,0.238,0.2702,0.1091,0.2528,-0.0545,-0.0694,0.2578,-0.0074,0.0595,0.2057,0.0099,-0.0223,0.1215,0.1215,-0.0496,-3.37813,-0.6,-67.888,-39.531
3,0.446,105.776,-67.828,-38.869,97.339,53.398,4.938,17.881,23.294,0.018,0.002,0.98,0.004,0.98,0.0,0.0,0.001,0.002,0.005,0.007,-1,2,0,-1,-3,1,1,-2,-1,-3,-2,4,-1,-3,-1,0,-1,-3,-2,-2,0.876281,0.798082,0.95,-0.1080283503591895,-0.0413449115297361,0.2738612787525831,0.8994679278281629,0.5998,2.68,12.92,16.51,0.9990558193847168,0.7797752269605653,-0.9068969898099272,-0.6466566589254249,-0.0434450198933319,0.6260595781701602,0.4213524058002907,0.7627812041912193,0.0200999999999999,0.0001,0.9798,0.0069,0.0023,0.0103,0.9707,0.0097,0.0,0.0001,0.0,9999.0,9999.0,9999.0,9999.0,9999.0,9999.0,9999.0,9999.0,0.0,9999.0,9999.0,9999.0,9999.0,9999.0,9999.0,9999.0,9999.0,9999.0,9999.0,9999.0,0.0,9999.0,9999.0,9999.0,9999.0,9999.0,9999.0,1000.0,0.0,0.0,-1.0,2.0,0.0,-1.0,-3.0,1.0,1.0,-2.0,-1.0,-3.0,-2.0,4.0,-1.0,-3.0,-1.0,0.0,-1.0,-3.0,-2.0,-2.0,12,-0.1,0.07,0.18,-0.99,0.81,0.31,-0.29,-0.111,0.222,0.0,-0.111,-0.333,0.111,0.111,-0.222,-0.111,-0.333,-0.222,0.444,-0.111,-0.333,-0.111,0.0,-0.111,-0.333,-0.222,-0.222,-0.9488,-0.905,0.854,-0.1386,-0.78542,-0.71274,0.0,0.1785,-0.1264,-0.0917,-0.1041,0.1487,-0.1586,-0.1661,0.0992,-0.0768,0.1388,0.1016,-0.1363,0.0248,0.0694,0.005,0.0124,0.0099,-0.0099,0.0074,0.1239,0.016782,-0.4,-67.828,-38.869
4,0.413,63.659,-68.633,-37.845,97.608,53.73,4.698,18.559,23.513,0.009,0.001,0.99,0.002,0.99,0.0,0.0,0.001,0.001,0.003,0.003,4,-1,-2,-2,0,-1,-1,0,-2,-1,-1,-1,-1,-2,-1,1,0,-3,-2,0,0.876917,0.799936,0.95,0.3271022543084387,0.2738612787525831,0.2526455763199557,0.465012299255257,0.4981739130434782,1.86,14.24,16.15,0.9992894726405892,0.7731765106436073,-0.9010770213220916,-0.6588207712606129,-0.0376901826699343,0.6341908887621895,0.4336590845875444,0.7522999344381012,0.0106,0.0001,0.9893,0.0039,0.0011,0.0049,0.9853,0.0046999999999999,0.0,0.0,0.0,0.0,9999.0,9999.0,9999.0,9999.0,9999.0,9999.0,9999.0,9999.0,9999.0,9999.0,9999.0,9999.0,9999.0,9999.0,9999.0,9999.0,9999.0,9999.0,9999.0,0.0,9999.0,9999.0,9999.0,9999.0,9999.0,9999.0,1000.0,0.0,0.0,4.0,-1.0,-2.0,-2.0,0.0,-1.0,-1.0,0.0,-2.0,-1.0,-1.0,-1.0,-1.0,-2.0,-1.0,1.0,0.0,-3.0,-2.0,0.0,1,0.0,-0.76,-0.75,-0.19,-0.19,1.0,-0.53,0.444,-0.111,-0.222,-0.222,0.0,-0.111,-0.111,0.0,-0.222,-0.111,-0.111,-0.111,-0.111,-0.222,-0.111,0.111,0.0,-0.333,-0.222,0.0,-0.9526,-0.9174,0.87,-0.2958,-0.82764,-0.77502,-0.0074,-0.1016,0.1413,0.0793,0.057,-0.0744,0.0644,0.0967,-0.0471,0.0694,-0.0446,-0.0273,0.1016,0.0223,-0.0273,0.0099,-0.0297,-0.0174,-0.0471,-0.0149,-0.0372,-0.570055,-0.2,-68.633,-37.845
5,0.402,120.104,-67.935,-38.697,97.288,53.332,4.863,18.422,23.641,0.007,0.001,0.992,0.002,0.993,0.0,0.0,0.0,0.001,0.002,0.002,-1,5,0,-2,-3,1,0,-2,0,-3,-2,2,-1,-3,-2,-1,-1,-3,-2,-2,0.876917,0.800941,0.95,0.8994679278281629,0.2526455763199557,-0.0103661735595187,0.6341353637627127,0.5626666666666666,2.15,15.57,17.74,0.9992426796249056,0.7679482576392962,-0.9066762459007588,-0.6565857557529564,-0.0389110166410285,0.6405118840339883,0.4218271981739759,0.7542513807361039,0.008,0.0001,0.9919,0.0027,0.0008,0.0037,0.991,0.0017,0.0,0.0,0.0,9999.0,9999.0,9999.0,9999.0,9999.0,9999.0,9999.0,9999.0,9999.0,9999.0,9999.0,9999.0,9999.0,9999.0,0.0,9999.0,9999.0,9999.0,9999.0,9999.0,0.0,9999.0,9999.0,9999.0,9999.0,9999.0,9999.0,1000.0,0.0,0.0,-1.0,5.0,0.0,-2.0,-3.0,1.0,0.0,-2.0,0.0,-3.0,-2.0,2.0,-1.0,-3.0,-2.0,-1.0,-1.0,-3.0,-2.0,-2.0,2,0.12,0.41,0.52,-1.0,1.0,0.59,-0.41,-0.111,0.556,0.0,-0.222,-0.333,0.111,0.0,-0.222,0.0,-0.333,-0.222,0.222,-0.111,-0.333,-0.222,-0.111,-0.111,-0.333,-0.222,-0.222,-0.9546,-0.9224,0.877,-0.3275,-0.77896,-0.79864,-0.0198,0.1735,-0.114,-0.0694,-0.0644,0.1611,-0.1611,-0.1487,0.1809,-0.057,0.1363,0.0644,-0.1264,0.005,0.0719,0.0397,0.0099,0.0124,0.0,0.0124,0.1388,-0.739765,0.0,-67.935,-38.697
6,0.391,56.832,-68.353,-38.838,97.257,53.936,9.329,17.2,27.484,0.002,0.0,0.998,0.001,0.998,0.0,0.0,0.0,0.0,0.001,0.001,0,-2,-3,-3,-1,-2,-2,-3,-3,3,1,-2,1,-1,-2,-2,0,-3,-1,4,0.876917,0.801875,0.95,0.465012299255257,-0.0103661735595187,-0.1765469659009499,-0.1820769978663783,0.3685806451612903,5.56,13.56,20.93,0.9993411239631712,0.7602926039513211,-0.9022092489132822,-0.6693899720682976,-0.0362948750655757,0.6495807543153658,0.4312985870314568,0.7429112095630296,0.006,0.0,0.9939,0.0019,0.0005,0.0029,0.9937,0.001,0.0,0.0,0.0,9999.0,9999.0,9999.0,9999.0,9999.0,9999.0,9999.0,9999.0,9999.0,9999.0,9999.0,9999.0,9999.0,9999.0,9999.0,9999.0,9999.0,0.0,9999.0,9999.0,0.0,9999.0,9999.0,9999.0,9999.0,9999.0,9999.0,1000.0,0.0,0.0,0.0,-2.0,-3.0,-3.0,-1.0,-2.0,-2.0,-3.0,-3.0,3.0,1.0,-2.0,1.0,-1.0,-2.0,-2.0,0.0,-3.0,-1.0,4.0,20,0.75,-0.32,-0.26,0.37,-0.21,-0.03,1.0,0.0,-0.222,-0.333,-0.333,-0.111,-0.222,-0.222,-0.333,-0.333,0.333,0.111,-0.222,0.111,-0.111,-0.222,-0.222,0.0,-0.333,-0.111,0.444,-0.9584,-0.9348,0.8934,-0.8139,-0.83652,-0.85286,-0.0892,-0.114,0.171,0.1636,0.2454,0.0248,0.1859,0.228,0.0892,0.2132,-0.0149,-0.0397,0.1661,0.0074,0.0793,0.1735,0.005,-0.0099,0.1314,0.1165,-0.0248,-2.221448,0.0,-68.353,-38.838
7,0.384,101.957,-67.953,-38.514,97.237,53.332,4.982,18.792,24.1,0.002,0.0,0.998,0.0,0.998,0.0,0.0,0.0,0.0,0.0,0.0,-1,0,0,2,-4,2,5,-2,0,-3,-3,1,-2,-3,-1,0,-1,-3,-2,-2,0.876917,0.802389,0.95,0.6341353637627127,-0.1765469659009499,0.8397918225669415,1.0,0.5486842105263158,2.71,16.51,19.49,0.9995282456369312,0.7733978379164063,-0.8977202214608,-0.6601327782346886,-0.0307129642652526,0.6339209606143562,0.4405660041133135,0.7511489300399432,0.0042,0.0,0.9958,0.001,0.0003,0.0022,0.9959,0.0006,0.0,0.0,0.0,9999.0,9999.0,9999.0,0.0,9999.0,9999.0,9999.0,9999.0,9999.0,9999.0,9999.0,9999.0,9999.0,9999.0,9999.0,9999.0,9999.0,9999.0,9999.0,9999.0,0.0,9999.0,9999.0,9999.0,9999.0,9999.0,9999.0,1000.0,0.0,0.0,-1.0,0.0,0.0,2.0,-4.0,2.0,5.0,-2.0,0.0,-3.0,-3.0,1.0,-2.0,-3.0,-1.0,0.0,-1.0,-3.0,-2.0,-2.0,7,-0.26,-0.27,-0.06,-0.77,-0.96,1.0,-0.65,-0.111,0.0,0.0,0.222,-0.444,0.222,0.556,-0.222,0.0,-0.333,-0.333,0.111,-0.222,-0.333,-0.111,0.0,-0.111,-0.333,-0.222,-0.222,-0.9592,-0.9338,0.893,-0.0738,-0.83972,-0.84616,0.0223,0.1512,-0.2033,-0.171,-0.1958,0.1215,-0.1834,-0.238,-0.0198,-0.1438,0.1686,0.1562,-0.2057,0.062,0.0768,-0.0793,-0.0099,-0.0099,0.0124,0.0074,0.1239,0.16592,0.0,-67.953,-38.514
8,0.377,105.49,-69.143,-36.937,97.698,53.993,4.002,19.158,23.102,0.001,0.0,0.999,0.0,0.999,0.0,0.0,0.0,0.0,0.0,0.0,-1,1,0,0,-3,5,2,-2,0,-3,-2,1,0,-3,-1,0,-1,-2,-1,-2,0.876917,0.803389,0.95,-0.1820769978663783,0.8397918225669415,0.8397918225669415,-0.1570185732553319,0.5954444444444444,1.48,17.54,17.66,0.9994209020316728,0.7636833633836044,-0.9037092653689986,-0.6568489991457496,-0.0340273505021674,0.6455909854475244,0.4281466614213228,0.7540221431239451,0.004,0.0,0.996,0.0007,0.0002,0.0023,0.9962,0.0005,0.0,0.0,0.0,9999.0,9999.0,9999.0,9999.0,9999.0,9999.0,9999.0,9999.0,9999.0,9999.0,9999.0,9999.0,9999.0,0.0,9999.0,9999.0,9999.0,9999.0,9999.0,9999.0,0.0,9999.0,9999.0,9999.0,9999.0,9999.0,9999.0,1000.0,0.0,0.0,-1.0,1.0,0.0,0.0,-3.0,5.0,2.0,-2.0,0.0,-3.0,-2.0,1.0,0.0,-3.0,-1.0,0.0,-1.0,-2.0,-1.0,-2.0,6,-0.26,-0.12,-0.02,-0.52,-0.31,0.59,-0.41,-0.111,0.111,0.0,0.0,-0.333,0.556,0.222,-0.222,0.0,-0.333,-0.222,0.111,0.0,-0.333,-0.111,0.0,-0.111,-0.222,-0.111,-0.222,-0.9582,-0.9416,0.9,0.0168,-0.83166,-0.83546,0.0174,0.1363,-0.1091,-0.0942,-0.0917,0.0595,-0.1115,-0.0917,0.0273,-0.0843,0.0669,0.0446,-0.0843,-0.005,0.0074,-0.0273,0.0124,-0.0149,-0.0521,-0.0273,0.0669,0.112327,0.0,-69.143,-36.937
9,0.372,81.157,-68.198,-39.202,97.472,53.603,6.999,17.599,25.598,0.001,0.0,0.999,0.0,0.999,0.0,0.0,0.0,0.0,0.0,0.0,-1,0,0,2,-4,2,5,-2,0,-3,-3,1,-2,-3,-1,0,-1,-3,-2,-2,0.876917,0.803454,0.95,1.0,0.8397918225669415,-0.2526215822483578,0.8397918225669415,0.509578947368421,3.54,16.67,20.75,0.9993411239631712,0.7652585583931282,-0.906086380407658,-0.6539489269582416,-0.0362948750655757,0.6437230295756641,0.4230927454350273,0.756538697576115,0.0039,0.0,0.9961,0.0006,0.0002,0.0023,0.9963,0.0006,0.0,0.0,0.0,9999.0,9999.0,9999.0,0.0,9999.0,9999.0,9999.0,9999.0,9999.0,9999.0,9999.0,9999.0,9999.0,9999.0,9999.0,9999.0,9999.0,9999.0,9999.0,9999.0,0.0,9999.0,9999.0,9999.0,9999.0,9999.0,9999.0,1000.0,0.0,0.0,-1.0,0.0,0.0,2.0,-4.0,2.0,5.0,-2.0,0.0,-3.0,-3.0,1.0,-2.0,-3.0,-1.0,0.0,-1.0,-3.0,-2.0,-2.0,7,-0.26,-0.27,-0.06,-0.77,-0.96,1.0,-0.65,-0.111,0.0,0.0,0.222,-0.444,0.222,0.556,-0.222,0.0,-0.333,-0.333,0.111,-0.222,-0.333,-0.111,0.0,-0.111,-0.333,-0.222,-0.222,-0.9582,-0.9428,0.901,-0.3749,-0.8784,-0.88882,0.0223,0.1512,-0.2033,-0.171,-0.1958,0.1215,-0.1834,-0.238,-0.0198,-0.1438,0.1686,0.1562,-0.2057,0.062,0.0768,-0.0793,-0.0099,-0.0099,0.0124,0.0074,0.1239,0.326301,0.0,-68.198,-39.202
10,0.371,71.486,-68.116,-39.222,97.447,53.679,7.172,17.268,25.477,0.002,0.0,0.998,0.001,0.998,0.0,0.0,0.0,0.0,0.001,0.001,-1,-2,-3,-4,-1,-2,-3,-4,-3,2,4,-2,2,0,-3,-2,-1,-2,-1,1,0.877168,0.804228,0.95,-0.1570185732553319,-0.2526215822483578,-0.1570185732553319,0.3271022543084387,0.3988823529411764,6.22,14.5,22.15,0.9994327189292688,0.7669411969203416,-0.9022845109754964,-0.657506757404212,-0.0336784847291133,0.6417173836404885,0.4311411152438483,0.7534486472001914,0.0038,0.0,0.9962,0.0006,0.0002,0.0021,0.9965,0.0007,0.0,0.0,0.0,9999.0,9999.0,9999.0,9999.0,9999.0,9999.0,9999.0,9999.0,9999.0,0.0,9999.0,9999.0,9999.0,9999.0,9999.0,9999.0,9999.0,9999.0,9999.0,9999.0,0.0,9999.0,9999.0,9999.0,9999.0,9999.0,9999.0,1000.0,0.0,0.0,-1.0,-2.0,-3.0,-4.0,-1.0,-2.0,-3.0,-4.0,-3.0,2.0,4.0,-2.0,2.0,0.0,-3.0,-2.0,-1.0,-2.0,-1.0,1.0,11,0.24,-0.07,-0.01,0.66,-0.21,0.79,-0.06,-0.111,-0.222,-0.333,-0.444,-0.111,-0.222,-0.333,-0.444,-0.333,0.222,0.444,-0.222,0.222,0.0,-0.333,-0.222,-0.111,-0.222,-0.111,0.111,-0.9606,-0.9398,0.9004,-0.8394,-0.87996,-0.87976,-0.0992,-0.1289,0.2528,0.2057,0.2652,0.0099,0.238,0.2702,0.1091,0.2528,-0.0545,-0.0694,0.2578,-0.0074,0.0595,0.2057,0.0099,-0.0223,0.1215,0.1215,-0.0496,-2.419754,0.0,-68.116,-39.222
11,0.372,104.428,-69.145,-36.913,97.705,54.015,4.214,19.195,23.425,0.002,0.0,0.997,0.001,0.998,0.0,0.0,0.0,0.0,0.001,0.001,-1,1,0,0,-3,5,2,-2,0,-3,-2,1,0,-3,-1,0,-1,-2,-1,-2,0.877401,0.804769,0.95,0.8397918225669415,-0.1570185732553319,0.107858371488239,-0.1570185732553319,0.5725,1.91,17.55,18.78,0.9994674389493003,0.7741717410844068,-0.899405251566371,-0.6588207712606129,-0.0326318629582591,0.6329756040372633,0.437115766650933,0.7522999344381012,0.0056999999999999,0.0,0.9943,0.0008,0.0003,0.0033,0.9945,0.001,0.0,0.0,0.0,9999.0,9999.0,9999.0,9999.0,9999.0,9999.0,9999.0,9999.0,9999.0,9999.0,9999.0,9999.0,9999.0,0.0,9999.0,9999.0,9999.0,9999.0,9999.0,9999.0,0.0,9999.0,9999.0,9999.0,9999.0,9999.0,9999.0,1000.0,0.0,0.0,-1.0,1.0,0.0,0.0,-3.0,5.0,2.0,-2.0,0.0,-3.0,-2.0,1.0,0.0,-3.0,-1.0,0.0,-1.0,-2.0,-1.0,-2.0,6,-0.26,-0.12,-0.02,-0.52,-0.31,0.59,-0.41,-0.111,0.111,0.0,0.0,-0.333,0.556,0.222,-0.222,0.0,-0.333,-0.222,0.111,0.0,-0.333,-0.111,0.0,-0.111,-0.222,-0.111,-0.222,-0.9642,-0.9354,0.8996,-0.0067,-0.8828,-0.87832,0.0174,0.1363,-0.1091,-0.0942,-0.0917,0.0595,-0.1115,-0.0917,0.0273,-0.0843,0.0669,0.0446,-0.0843,-0.005,0.0074,-0.0273,0.0124,-0.0149,-0.0521,-0.0273,0.0669,0.415444,0.0,-69.145,-36.913
12,0.38,56.64,-67.577,-38.915,97.079,53.137,5.743,18.057,24.556,0.003,0.0,0.996,0.001,0.996,0.0,0.0,0.0,0.0,0.001,0.001,4,-1,-2,-2,0,-1,-1,0,-2,-1,-1,-1,-1,-2,-1,1,0,-3,-2,0,0.87753,0.805504,0.95,0.3271022543084387,0.107858371488239,0.3271022543084387,0.1593638145779191,0.4882608695652173,2.08,16.14,18.05,0.9995010629307394,0.7689534235222644,-0.898257804261088,-0.6577697205340359,-0.031585205402566,0.6393048040280856,0.439468903432369,0.7532190881467199,0.011,0.0,0.989,0.0015,0.0008,0.0069999999999999,0.9882,0.0025,0.0,0.0,0.0,0.0,9999.0,9999.0,9999.0,9999.0,9999.0,9999.0,9999.0,9999.0,9999.0,9999.0,9999.0,9999.0,9999.0,9999.0,9999.0,9999.0,9999.0,9999.0,9999.0,0.0,9999.0,9999.0,9999.0,9999.0,9999.0,9999.0,1000.0,0.0,0.0,4.0,-1.0,-2.0,-2.0,0.0,-1.0,-1.0,0.0,-2.0,-1.0,-1.0,-1.0,-1.0,-2.0,-1.0,1.0,0.0,-3.0,-2.0,0.0,1,0.0,-0.76,-0.75,-0.19,-0.19,1.0,-0.53,0.444,-0.111,-0.222,-0.222,0.0,-0.111,-0.111,0.0,-0.222,-0.111,-0.111,-0.111,-0.111,-0.222,-0.111,0.111,0.0,-0.333,-0.222,0.0,-0.9646,-0.9288,0.8934,-0.4809,-0.88446,-0.86226,-0.0074,-0.1016,0.1413,0.0793,0.057,-0.0744,0.0644,0.0967,-0.0471,0.0694,-0.0446,-0.0273,0.1016,0.0223,-0.0273,0.0099,-0.0297,-0.0174,-0.0471,-0.0149,-0.0372,-0.149921,0.0,-67.577,-38.915
13,0.394,66.607,-68.342,-39.209,97.432,53.817,7.993,16.879,25.96,0.006,0.001,0.993,0.002,0.993,0.0,0.0,0.0,0.001,0.003,0.002,-1,-2,-3,-4,-1,-2,-3,-4,-3,2,4,-2,2,0,-3,-2,-1,-2,-1,1,0.877745,0.805933,0.95,-0.1570185732553319,0.3271022543084387,-0.2526215822483578,0.3271022543084387,0.3928235294117647,5.4,12.76,20.0,0.999158993058171,0.7677246300322628,-0.9075577295099808,-0.6401096994849554,-0.0410037387439448,0.6407799095179446,0.4199273361031507,0.7682835235935234,0.0194,0.0001,0.9805,0.0034999999999999,0.0017,0.0121,0.9764,0.0062,0.0,0.0,0.0,9999.0,9999.0,9999.0,9999.0,9999.0,9999.0,9999.0,9999.0,9999.0,0.0,9999.0,9999.0,9999.0,9999.0,9999.0,9999.0,9999.0,9999.0,9999.0,9999.0,0.0,9999.0,9999.0,9999.0,9999.0,9999.0,9999.0,1000.0,0.0,0.0,-1.0,-2.0,-3.0,-4.0,-1.0,-2.0,-3.0,-4.0,-3.0,2.0,4.0,-2.0,2.0,0.0,-3.0,-2.0,-1.0,-2.0,-1.0,1.0,11,0.24,-0.07,-0.01,0.66,-0.21,0.79,-0.06,-0.111,-0.222,-0.333,-0.444,-0.111,-0.222,-0.333,-0.444,-0.333,0.222,0.444,-0.222,0.222,0.0,-0.333,-0.222,-0.111,-0.222,-0.111,0.111,-0.9614,-0.9186,0.88,-0.7302,-0.85094,-0.86238,-0.0992,-0.1289,0.2528,0.2057,0.2652,0.0099,0.238,0.2702,0.1091,0.2528,-0.0545,-0.0694,0.2578,-0.0074,0.0595,0.2057,0.0099,-0.0223,0.1215,0.1215,-0.0496,-1.58358,0.0,-68.342,-39.209
14,0.414,110.406,-70.161,-35.694,98.214,54.346,4.397,18.144,22.761,0.016,0.001,0.983,0.005,0.979,0.0,0.0,0.001,0.001,0.009,0.003,-1,0,0,2,-4,2,5,-2,0,-3,-3,1,-2,-3,-1,0,-1,-3,-2,-2,0.877745,0.806686,0.95,0.1593638145779191,-0.2526215822483578,0.1593638145779191,0.6341353637627127,0.604421052631579,3.04,13.66,17.79,0.999158993058171,0.784235212544076,-0.9086539852997468,-0.6160739923790096,-0.0410037387439448,0.6204636422917525,0.4175499191700166,0.7876882860079791,0.0458,0.0002,0.954,0.0069,0.0039,0.0321,0.9459,0.0109,0.0001,0.0001,0.0,9999.0,9999.0,9999.0,0.0,9999.0,9999.0,9999.0,9999.0,9999.0,9999.0,9999.0,9999.0,9999.0,9999.0,9999.0,9999.0,9999.0,9999.0,9999.0,9999.0,0.0,9999.0,9999.0,9999.0,9999.0,9999.0,9999.0,1000.0,0.0,0.0,-1.0,0.0,0.0,2.0,-4.0,2.0,5.0,-2.0,0.0,-3.0,-3.0,1.0,-2.0,-3.0,-1.0,0.0,-1.0,-3.0,-2.0,-2.0,7,-0.26,-0.27,-0.06,-0.77,-0.96,1.0,-0.65,-0.111,0.0,0.0,0.222,-0.444,0.222,0.556,-0.222,0.0,-0.333,-0.333,0.111,-0.222,-0.333,-0.111,0.0,-0.111,-0.333,-0.222,-0.222,-0.9638,-0.906,0.8698,0.0223,-0.85794,-0.84654,0.0223,0.1512,-0.2033,-0.171,-0.1958,0.1215,-0.1834,-0.238,-0.0198,-0.1438,0.1686,0.1562,-0.2057,0.062,0.0768,-0.0793,-0.0099,-0.0099,0.0124,0.0074,0.1239,0.533224,0.0,-70.161,-35.694
15,0.442,72.323,-73.026,-30.607,98.951,55.035,3.855,17.688,21.531,0.085,0.002,0.913,0.012,0.895,0.0,0.001,0.001,0.007,0.073,0.011,4,-1,-2,-2,0,-1,-1,0,-2,-1,-1,-1,-1,-2,-1,1,0,-3,-2,0,0.877745,0.807041,0.95,0.3271022543084387,0.1593638145779191,0.2526455763199557,0.5157106231293968,0.7291304347826086,1.12,13.31,13.96,0.9988650731575204,0.8118797831118008,-0.9323238012155122,-0.507237566730189,-0.047629461743982,0.583824646425907,0.3616245700820924,0.861806272254755,0.1448,0.0003,0.8549,0.013,0.0115,0.1148,0.8486,0.0118,0.0001,0.0001,0.0002,0.0,9999.0,9999.0,9999.0,9999.0,9999.0,9999.0,9999.0,9999.0,9999.0,9999.0,9999.0,9999.0,9999.0,9999.0,9999.0,9999.0,9999.0,9999.0,9999.0,0.0,9999.0,9999.0,9999.0,9999.0,9999.0,9999.0,1000.0,0.0,0.0,4.0,-1.0,-2.0,-2.0,0.0,-1.0,-1.0,0.0,-2.0,-1.0,-1.0,-1.0,-1.0,-2.0,-1.0,1.0,0.0,-3.0,-2.0,0.0,1,0.0,-0.76,-0.75,-0.19,-0.19,1.0,-0.53,0.444,-0.111,-0.222,-0.222,0.0,-0.111,-0.111,0.0,-0.222,-0.111,-0.111,-0.111,-0.111,-0.222,-0.111,0.111,0.0,-0.333,-0.222,0.0,-0.9616,-0.8958,0.8574,0.2686,-0.8165,-0.78032,-0.0074,-0.1016,0.1413,0.0793,0.057,-0.0744,0.0644,0.0967,-0.0471,0.0694,-0.0446,-0.0273,0.1016,0.0223,-0.0273,0.0099,-0.0297,-0.0174,-0.0471,-0.0149,-0.0372,-0.305125,0.0,-73.026,-30.607
16,0.47,141.628,-83.646,-8.076,102.497,57.493,5.586,15.628,21.516,0.457,0.004,0.539,0.013,0.541,0.0,0.001,0.002,0.036,0.371,0.035,-1,5,0,-2,-3,1,0,-2,0,-3,-2,2,-1,-3,-2,-1,-1,-3,-2,-2,0.877745,0.807731,0.95,0.6341353637627127,0.2526455763199557,0.3127008182276398,0.2618759770494863,0.7104,1.82,12.04,14.38,0.991422065155214,0.7763765217532659,-0.99805946865857,-0.1140702255651061,-0.130699230002975,0.6302693840496306,0.0622679453729827,0.9934726889248268,0.4749,0.002,0.5231,0.0471,0.0646,0.3486,0.5228,0.0146,0.0003,0.0006,0.0014,9999.0,9999.0,9999.0,9999.0,9999.0,9999.0,9999.0,9999.0,9999.0,9999.0,9999.0,9999.0,9999.0,9999.0,0.0,9999.0,9999.0,9999.0,9999.0,9999.0,0.0,9999.0,9999.0,9999.0,9999.0,9999.0,9999.0,1000.0,0.0,0.0,-1.0,5.0,0.0,-2.0,-3.0,1.0,0.0,-2.0,0.0,-3.0,-2.0,2.0,-1.0,-3.0,-2.0,-1.0,-1.0,-3.0,-2.0,-2.0,2,0.12,0.41,0.52,-1.0,1.0,0.59,-0.41,-0.111,0.556,0.0,-0.222,-0.333,0.111,0.0,-0.222,0.0,-0.333,-0.222,0.222,-0.111,-0.333,-0.222,-0.111,-0.111,-0.333,-0.222,-0.222,-0.9474,-0.7842,0.7316,-0.0742,-0.75826,-0.60796,-0.0198,0.1735,-0.114,-0.0694,-0.0644,0.1611,-0.1611,-0.1487,0.1809,-0.057,0.1363,0.0644,-0.1264,0.005,0.0719,0.0397,0.0099,0.0124,0.0,0.0124,0.1388,-0.273223,0.0,-83.646,-8.076
17,0.496,46.927,72.675,12.368,107.22,-77.123,6.902,15.917,23.074,0.738,0.004,0.257,0.026,0.258,0.0,0.003,0.003,0.102,0.477,0.13,0,-2,0,-1,-2,-2,-2,6,-2,-4,-4,-2,-3,-3,-2,0,-2,-2,-3,-3,0.877745,0.80842,0.901075,0.5157106231293968,0.3127008182276398,0.247582025133489,0.5266937266207001,0.666,3.45,11.61,16.6,0.9779657911279522,-0.8698395540619883,0.9194101385805528,0.4386848583837137,-0.2087652063526836,-0.4933347242889369,0.3933001361241673,0.8986409711474661,0.9243,0.005,0.0706,0.3788,0.1143,0.432,0.0556,0.0144,0.0,0.0021,0.0027,9999.0,9999.0,9999.0,9999.0,9999.0,0.0,9999.0,9999.0,9999.0,9999.0,9999.0,9999.0,9999.0,9999.0,9999.0,9999.0,9999.0,9999.0,9999.0,9999.0,0.0,9999.0,9999.0,9999.0,9999.0,9999.0,9999.0,1000.0,0.0,0.0,0.0,-2.0,0.0,-1.0,-2.0,-2.0,-2.0,6.0,-2.0,-4.0,-4.0,-2.0,-3.0,-3.0,-2.0,0.0,-2.0,-2.0,-3.0,-3.0,8,-1.0,-1.0,-1.0,-0.38,-0.2,-1.0,-1.0,0.0,-0.222,0.0,-0.111,-0.222,-0.222,-0.222,0.667,-0.222,-0.444,-0.444,-0.222,-0.333,-0.333,-0.222,0.0,-0.222,-0.222,-0.333,-0.333,-0.9542,0.7872,-0.8332,-0.2325,-0.55046,-0.44728,-0.1537,0.0099,-0.0149,0.1512,0.1239,0.3445,-0.1239,-0.1165,0.2429,0.1661,0.2553,0.1785,-0.0719,0.0942,0.3346,0.2256,0.0521,0.2057,0.3842,0.2429,0.1661,0.210685,0.0,72.675,12.368
18,0.515,81.229,-87.378,38.078,108.693,90.125,7.18,13.134,20.618,0.693,0.007,0.301,0.018,0.316,0.0,0.008,0.003,0.141,0.049,0.465,0,-1,0,-1,-1,-1,-1,-2,-2,-1,-1,-1,-1,-2,-1,1,5,-2,-2,0,0.877745,0.808245,0.901075,0.2618759770494863,0.247582025133489,0.3162277660168379,0.6057340560268407,0.5963571428571428,4.37,11.04,16.96,0.9443763702374812,0.797057226921588,-0.9999802608561372,0.9652905291584984,-0.3288666467385832,-0.6039037812533287,0.006283143965559,-0.2611784721543991,0.8587,0.0113,0.13,0.616,0.1567,0.0801,0.1093,0.026,0.0,0.0046,0.0072,9999.0,9999.0,9999.0,9999.0,9999.0,9999.0,9999.0,9999.0,9999.0,9999.0,9999.0,9999.0,9999.0,9999.0,9999.0,9999.0,0.0,9999.0,9999.0,9999.0,0.0,9999.0,9999.0,9999.0,9999.0,9999.0,9999.0,1000.0,0.0,0.0,0.0,-1.0,0.0,-1.0,-1.0,-1.0,-1.0,-2.0,-2.0,-1.0,-1.0,-1.0,-1.0,-2.0,-1.0,1.0,5.0,-2.0,-2.0,0.0,17,0.45,-0.46,-0.36,-0.22,-0.32,-0.45,0.24,0.0,-0.111,0.0,-0.111,-0.111,-0.111,-0.111,-0.222,-0.222,-0.111,-0.111,-0.111,-0.111,-0.222,-0.111,0.111,0.556,-0.222,-0.222,0.0,-0.9318,0.8214,-0.8896,-0.1521,-0.47374,-0.5415,-0.057,-0.0446,0.0124,0.1165,0.1859,0.0719,0.005,0.0471,0.1041,0.1016,0.0297,-0.0174,0.0074,-0.0149,0.0818,0.0967,0.0174,0.0099,0.0892,0.0644,-0.005,0.544028,0.0,-87.378,38.078
19,0.522,104.244,-83.867,-0.162,105.071,108.519,5.094,14.21,19.486,0.503,0.009,0.488,0.023,0.494,0.0,0.007,0.005,0.094,0.052,0.326,-2,-2,1,6,-3,0,2,-1,-1,-3,-4,-1,-3,-3,-1,0,-1,-4,-3,-3,0.877745,0.807884,0.901075,0.5266937266207001,0.3162277660168379,0.6036724982763437,0.7297766039176755,0.633,3.47,12.65,17.33,0.9683657694796988,0.9629745906442972,-0.9914903632068972,0.7518398074789774,-0.2495350406255423,0.2695921693474208,0.1301801047313105,0.6593458151000688,0.7288,0.0075,0.2636,0.535,0.1096,0.0749,0.2425,0.0308,0.0,0.0031,0.004,9999.0,9999.0,0.0,9999.0,9999.0,9999.0,9999.0,9999.0,9999.0,9999.0,9999.0,9999.0,9999.0,9999.0,9999.0,9999.0,9999.0,9999.0,9999.0,9999.0,0.0,9999.0,9999.0,9999.0,9999.0,9999.0,9999.0,1000.0,0.0,0.0,-2.0,-2.0,1.0,6.0,-3.0,0.0,2.0,-1.0,-1.0,-3.0,-4.0,-1.0,-3.0,-3.0,-1.0,0.0,-1.0,-4.0,-3.0,-3.0,4,-0.24,-0.46,-0.31,-0.85,-1.0,-0.17,-0.71,-0.222,-0.222,0.111,0.667,-0.333,0.0,0.222,-0.111,-0.111,-0.333,-0.444,-0.111,-0.333,-0.333,-0.111,0.0,-0.111,-0.444,-0.333,-0.333,-0.927,0.8084,-0.8812,0.1214,-0.45884,-0.54534,-0.0843,0.0843,-0.1909,-0.0198,-0.0322,0.2975,-0.1859,-0.2355,0.171,0.0248,0.2132,0.1537,-0.2033,0.0669,0.2875,0.0768,0.0545,0.0843,0.404,0.2057,0.114,0.47816,0.0,-83.867,-0.162
20,0.508,68.311,-84.414,-5.846,106.563,68.639,6.183,14.913,21.31,0.429,0.006,0.566,0.02,0.564,0.0,0.006,0.003,0.084,0.048,0.275,1,-1,1,0,-1,0,0,0,-1,-2,-2,0,-1,-2,-1,4,1,-3,-2,-2,0.877745,0.807584,0.901075,0.6057340560268407,0.6036724982763437,0.6886948421153439,0.5981569643648472,0.5741739130434783,4.51,12.78,18.53,0.9929655081065368,0.9858208566464725,-0.9457456346131168,-0.5177283993663101,-0.1184039683065008,-0.1678011877217062,0.3249079786804763,0.8555450335836207,0.4448,0.0039,0.5513,0.2275,0.0831,0.1361,0.5125,0.0371,0.0001,0.0015,0.002,9999.0,9999.0,9999.0,9999.0,9999.0,9999.0,9999.0,9999.0,9999.0,9999.0,9999.0,9999.0,9999.0,9999.0,9999.0,0.0,9999.0,9999.0,9999.0,9999.0,0.0,9999.0,9999.0,9999.0,9999.0,9999.0,9999.0,1000.0,0.0,0.0,1.0,-1.0,1.0,0.0,-1.0,0.0,0.0,0.0,-1.0,-2.0,-2.0,0.0,-1.0,-2.0,-1.0,4.0,1.0,-3.0,-2.0,-2.0,16,-0.37,-0.71,-0.6,-0.4,-0.29,-0.52,-0.24,0.111,-0.111,0.111,0.0,-0.111,0.0,0.0,0.0,-0.111,-0.222,-0.222,0.0,-0.111,-0.222,-0.111,0.444,0.111,-0.333,-0.222,-0.222,-0.9372,0.6522,-0.715,-0.0904,-0.4988,-0.5264,-0.0198,0.0025,-0.0124,0.0793,0.0397,0.0545,-0.0521,-0.0397,0.0521,0.0372,0.0322,0.0099,-0.0322,0.0025,0.0471,0.0223,0.0223,0.0297,0.0347,0.0248,0.0074,0.318456,0.0,-84.414,-5.846
21,0.488,96.063,-70.668,-30.705,99.341,68.522,6.28,15.684,22.595,0.198,0.003,0.799,0.018,0.801,0.0,0.004,0.002,0.036,0.034,0.106,-2,0,6,1,-3,0,0,0,1,-3,-3,0,-2,-3,-2,1,0,-4,-2,-3,0.877436,0.80653,0.901075,0.7297766039176755,0.6886948421153439,0.1137147065368355,0.6433313339598155,0.5756875,3.74,14.15,18.79,0.9964782395333532,0.8250148803678496,-0.9313738763649,-0.5734334586132305,-0.0838517628706112,0.5651110042917433,0.3640641460306412,0.8192521397853463,0.2752,0.0022,0.7225,0.1489,0.0407,0.0866,0.6949,0.0266999999999999,0.0,0.0009,0.0011,9999.0,9999.0,9999.0,9999.0,9999.0,9999.0,9999.0,9999.0,9999.0,9999.0,9999.0,0.0,9999.0,9999.0,9999.0,9999.0,9999.0,9999.0,9999.0,9999.0,0.0,9999.0,9999.0,9999.0,9999.0,9999.0,9999.0,1000.0,0.0,0.0,-2.0,0.0,6.0,1.0,-3.0,0.0,0.0,0.0,1.0,-3.0,-3.0,0.0,-2.0,-3.0,-2.0,1.0,0.0,-4.0,-2.0,-3.0,3,-0.24,-0.37,-0.27,-0.75,-0.08,-0.45,-0.59,-0.222,0.0,0.667,0.111,-0.333,0.0,0.0,0.0,0.111,-0.333,-0.333,0.0,-0.222,-0.333,-0.222,0.111,0.0,-0.444,-0.222,-0.333,-0.949,0.007,-0.058,-0.0314,-0.6667,-0.73124,-0.0793,0.1512,-0.1314,0.0322,0.0322,0.2801,-0.1611,-0.1661,0.233,0.0397,0.176,0.0917,-0.1462,0.0174,0.2057,0.1215,0.0719,0.0992,0.228,0.1339,0.1239,0.485919,0.0,-70.668,-30.705
22,0.465,67.332,-70.374,-35.583,98.442,54.686,4.501,18.012,22.792,0.017,0.001,0.981,0.004,0.981,0.0,0.0,0.001,0.002,0.005,0.006,4,-1,-2,-2,0,-1,-1,0,-2,-1,-1,-1,-1,-2,-1,1,0,-3,-2,0,0.876597,0.805694,0.95,0.5981569643648472,0.1137147065368355,0.1593638145779191,0.3271022543084387,0.4683478260869565,3.68,14.1,19.05,0.998401550108975,0.8611859216380057,-0.907337731674954,-0.6457242635052721,-0.0565185344820245,0.5082900828980423,0.4204024746346635,0.7635706748694412,0.0512,0.0003,0.9485,0.0264,0.0084,0.0169,0.936,0.0121,0.0,0.0001,0.0001,0.0,9999.0,9999.0,9999.0,9999.0,9999.0,9999.0,9999.0,9999.0,9999.0,9999.0,9999.0,9999.0,9999.0,9999.0,9999.0,9999.0,9999.0,9999.0,9999.0,0.0,9999.0,9999.0,9999.0,9999.0,9999.0,9999.0,1000.0,0.0,0.0,4.0,-1.0,-2.0,-2.0,0.0,-1.0,-1.0,0.0,-2.0,-1.0,-1.0,-1.0,-1.0,-2.0,-1.0,1.0,0.0,-3.0,-2.0,0.0,1,0.0,-0.76,-0.75,-0.19,-0.19,1.0,-0.53,0.444,-0.111,-0.222,-0.222,0.0,-0.111,-0.111,0.0,-0.222,-0.111,-0.111,-0.111,-0.111,-0.222,-0.111,0.111,0.0,-0.333,-0.222,0.0,-0.9512,-0.8428,0.7938,-0.3085,-0.7545,-0.83014,-0.0074,-0.1016,0.1413,0.0793,0.057,-0.0744,0.0644,0.0967,-0.0471,0.0694,-0.0446,-0.0273,0.1016,0.0223,-0.0273,0.0099,-0.0297,-0.0174,-0.0471,-0.0149,-0.0372,-0.572343,0.0,-70.374,-35.583
23,0.447,98.387,-67.738,-38.909,97.208,53.357,5.459,18.21,24.25,0.009,0.001,0.99,0.003,0.99,0.0,0.0,0.001,0.001,0.003,0.003,-1,0,0,2,-4,2,5,-2,0,-3,-3,1,-2,-3,-1,0,-1,-3,-2,-2,0.876371,0.804729,0.95,0.6433313339598155,0.1593638145779191,-0.2526215822483578,0.6341353637627127,0.5727894736842105,2.65,16.12,19.07,0.9989626372405492,0.7801029240842681,-0.9131190231965356,-0.6478540345658756,-0.0455373406931844,0.6256512030158455,0.407693082448801,0.761764497661001,0.0197,0.0002,0.9801,0.0093,0.0026,0.0077,0.9735,0.0067,0.0,0.0001,0.0,9999.0,9999.0,9999.0,0.0,9999.0,9999.0,9999.0,9999.0,9999.0,9999.0,9999.0,9999.0,9999.0,9999.0,9999.0,9999.0,9999.0,9999.0,9999.0,9999.0,0.0,9999.0,9999.0,9999.0,9999.0,9999.0,9999.0,1000.0,0.0,0.0,-1.0,0.0,0.0,2.0,-4.0,2.0,5.0,-2.0,0.0,-3.0,-3.0,1.0,-2.0,-3.0,-1.0,0.0,-1.0,-3.0,-2.0,-2.0,7,-0.26,-0.27,-0.06,-0.77,-0.96,1.0,-0.65,-0.111,0.0,0.0,0.222,-0.444,0.222,0.556,-0.222,0.0,-0.333,-0.333,0.111,-0.222,-0.333,-0.111,0.0,-0.111,-0.333,-0.222,-0.222,-0.9528,-0.8852,0.8378,-0.1231,-0.837,-0.85072,0.0223,0.1512,-0.2033,-0.171,-0.1958,0.1215,-0.1834,-0.238,-0.0198,-0.1438,0.1686,0.1562,-0.2057,0.062,0.0768,-0.0793,-0.0099,-0.0099,0.0124,0.0074,0.1239,0.495426,0.0,-67.738,-38.909
24,0.434,59.417,-68.178,-38.652,97.08,54.0,10.199,16.888,27.898,0.003,0.0,0.997,0.001,0.997,0.0,0.0,0.0,0.0,0.001,0.001,-1,-2,-3,-4,-1,-2,-3,-4,-3,2,4,-2,2,0,-3,-2,-1,-2,-1,1,0.876312,0.803892,0.95,0.3271022543084387,-0.2526215822483578,0.0286064783845311,0.3271022543084387,0.4825882352941177,3.94,15.5,20.18,0.9991446191812812,0.7707356987759663,-0.9056428219842818,-0.660525988387206,-0.0413525085223672,0.6371549910597288,0.4240413647138053,0.7508031823754509,0.0096,0.0001,0.9903,0.0037,0.0011,0.0040999999999999,0.9873,0.0037,0.0,0.0,0.0,9999.0,9999.0,9999.0,9999.0,9999.0,9999.0,9999.0,9999.0,9999.0,0.0,9999.0,9999.0,9999.0,9999.0,9999.0,9999.0,9999.0,9999.0,9999.0,9999.0,0.0,9999.0,9999.0,9999.0,9999.0,9999.0,9999.0,1000.0,0.0,0.0,-1.0,-2.0,-3.0,-4.0,-1.0,-2.0,-3.0,-4.0,-3.0,2.0,4.0,-2.0,2.0,0.0,-3.0,-2.0,-1.0,-2.0,-1.0,1.0,11,0.24,-0.07,-0.01,0.66,-0.21,0.79,-0.06,-0.111,-0.222,-0.333,-0.444,-0.111,-0.222,-0.333,-0.444,-0.333,0.222,0.444,-0.222,0.222,0.0,-0.333,-0.222,-0.111,-0.222,-0.111,0.111,-0.9544,-0.9112,0.8656,-0.6679,-0.82824,-0.86288,-0.0992,-0.1289,0.2528,0.2057,0.2652,0.0099,0.238,0.2702,0.1091,0.2528,-0.0545,-0.0694,0.2578,-0.0074,0.0595,0.2057,0.0099,-0.0223,0.1215,0.1215,-0.0496,-1.521918,0.0,-68.178,-38.652
25,0.428,126.437,-68.731,-37.576,97.654,53.876,4.569,18.765,23.522,0.003,0.0,0.997,0.001,0.997,0.0,0.0,0.0,0.0,0.001,0.001,-1,5,0,-2,-3,1,0,-2,0,-3,-2,2,-1,-3,-2,-1,-1,-3,-2,-2,0.87562,0.803249,0.95,0.6341353637627127,0.0286064783845311,0.2526455763199557,0.0724312355427551,0.5765777777777777,2.84,16.86,20.06,0.999302568115792,0.7706244825131597,-0.90039471984608,-0.6598705375823845,-0.0373413625512391,0.6372895001106834,0.4350739574753918,0.751379314082265,0.0062,0.0,0.9937,0.002,0.0006,0.0029,0.9928,0.0017,0.0,0.0,0.0,9999.0,9999.0,9999.0,9999.0,9999.0,9999.0,9999.0,9999.0,9999.0,9999.0,9999.0,9999.0,9999.0,9999.0,0.0,9999.0,9999.0,9999.0,9999.0,9999.0,0.0,9999.0,9999.0,9999.0,9999.0,9999.0,9999.0,1000.0,0.0,0.0,-1.0,5.0,0.0,-2.0,-3.0,1.0,0.0,-2.0,0.0,-3.0,-2.0,2.0,-1.0,-3.0,-2.0,-1.0,-1.0,-3.0,-2.0,-2.0,2,0.12,0.41,0.52,-1.0,1.0,0.59,-0.41,-0.111,0.556,0.0,-0.222,-0.333,0.111,0.0,-0.222,0.0,-0.333,-0.222,0.222,-0.111,-0.333,-0.222,-0.111,-0.111,-0.333,-0.222,-0.222,-0.9616,-0.9224,0.8838,-0.2105,-0.86008,-0.85092,-0.0198,0.1735,-0.114,-0.0694,-0.0644,0.1611,-0.1611,-0.1487,0.1809,-0.057,0.1363,0.0644,-0.1264,0.005,0.0719,0.0397,0.0099,0.0124,0.0,0.0124,0.1388,0.148084,0.0,-68.731,-37.576
26,0.427,60.674,-67.794,-38.792,97.2,53.286,5.204,18.576,24.219,0.003,0.0,0.997,0.001,0.997,0.0,0.0,0.0,0.0,0.001,0.001,4,-1,-2,-2,0,-1,-1,0,-2,-1,-1,-1,-1,-2,-1,1,0,-3,-2,0,0.875291,0.802013,0.95,0.3271022543084387,0.2526455763199557,0.1911273930269986,0.1593638145779191,0.4544347826086956,3.16,16.53,20.31,0.9994787687270248,0.7711803290138051,-0.89925261458776,-0.6677026384286112,-0.0322829810257744,0.636616760808384,0.4374296916729334,0.7444280936634989,0.0042,0.0,0.9958,0.0011,0.0003,0.002,0.9957,0.0009,0.0,0.0,0.0,0.0,9999.0,9999.0,9999.0,9999.0,9999.0,9999.0,9999.0,9999.0,9999.0,9999.0,9999.0,9999.0,9999.0,9999.0,9999.0,9999.0,9999.0,9999.0,9999.0,0.0,9999.0,9999.0,9999.0,9999.0,9999.0,9999.0,1000.0,0.0,0.0,4.0,-1.0,-2.0,-2.0,0.0,-1.0,-1.0,0.0,-2.0,-1.0,-1.0,-1.0,-1.0,-2.0,-1.0,1.0,0.0,-3.0,-2.0,0.0,1,0.0,-0.76,-0.75,-0.19,-0.19,1.0,-0.53,0.444,-0.111,-0.222,-0.222,0.0,-0.111,-0.111,0.0,-0.222,-0.111,-0.111,-0.111,-0.111,-0.222,-0.111,0.111,0.0,-0.333,-0.222,0.0,-0.9628,-0.9312,0.894,-0.3775,-0.85536,-0.85416,-0.0074,-0.1016,0.1413,0.0793,0.057,-0.0744,0.0644,0.0967,-0.0471,0.0694,-0.0446,-0.0273,0.1016,0.0223,-0.0273,0.0099,-0.0297,-0.0174,-0.0471,-0.0149,-0.0372,-0.585463,0.0,-67.794,-38.792
27,0.429,71.82,-68.337,-39.185,97.426,53.755,8.251,17.282,26.589,0.002,0.0,0.998,0.001,0.998,0.0,0.0,0.0,0.0,0.001,0.001,-1,-1,-2,-3,-1,0,-2,-3,-2,1,2,-1,5,0,-2,-1,-1,-1,-1,1,0.875093,0.798655,0.95,0.0724312355427551,0.1911273930269986,-0.2170188817646992,0.1911273930269986,0.5032432432432432,3.06,17.3,20.53,0.999426825702612,0.7630068834719113,-0.9051982704125096,-0.6618353804402565,-0.0338529181312496,0.6463903586645466,0.4249895189792346,0.749649204093155,0.0033,0.0,0.9967,0.0007,0.0002,0.0016,0.9969,0.0006,0.0,0.0,0.0,9999.0,9999.0,9999.0,9999.0,9999.0,9999.0,9999.0,9999.0,9999.0,9999.0,0.0,9999.0,9999.0,9999.0,9999.0,9999.0,9999.0,9999.0,9999.0,9999.0,0.0,9999.0,9999.0,9999.0,9999.0,9999.0,9999.0,1000.0,0.0,0.0,-1.0,-1.0,-2.0,-3.0,-1.0,0.0,-2.0,-3.0,-2.0,1.0,2.0,-1.0,5.0,0.0,-2.0,-1.0,-1.0,-1.0,-1.0,1.0,13,0.12,0.07,0.1,0.37,-0.29,0.72,0.0,-0.111,-0.111,-0.222,-0.333,-0.111,0.0,-0.222,-0.333,-0.222,0.111,0.222,-0.111,0.556,0.0,-0.222,-0.111,-0.111,-0.111,-0.111,0.111,-0.9596,-0.934,0.8934,-0.6782,-0.83084,-0.88094,-0.057,-0.0644,0.1438,0.1289,0.1884,-0.0124,0.1537,0.2157,0.0719,0.1586,-0.0471,-0.0644,0.1636,-0.0273,0.0174,0.1314,0.0124,-0.0223,0.0421,0.0595,-0.0347,-0.285966,0.0,-68.337,-39.185
28,0.436,90.13,-67.891,-39.02,97.39,53.649,5.976,17.442,24.269,0.002,0.0,0.998,0.001,0.998,0.0,0.0,0.0,0.0,0.001,0.001,-1,0,0,2,-4,2,5,-2,0,-3,-3,1,-2,-3,-1,0,-1,-3,-2,-2,0.875015,0.797752,0.95,0.1593638145779191,-0.2170188817646992,0.1593638145779191,0.774673510337773,0.4969473684210526,3.39,16.94,20.76,0.9995065603657316,0.7704019795672431,-0.9013795528647912,-0.658952062333717,-0.0314107590781282,0.637558459969651,0.4330299085251143,0.7521849370641115,0.0029,0.0,0.9971,0.0005,0.0002,0.0015,0.9974,0.0004,0.0,0.0,0.0,9999.0,9999.0,9999.0,0.0,9999.0,9999.0,9999.0,9999.0,9999.0,9999.0,9999.0,9999.0,9999.0,9999.0,9999.0,9999.0,9999.0,9999.0,9999.0,9999.0,0.0,9999.0,9999.0,9999.0,9999.0,9999.0,9999.0,1000.0,0.0,0.0,-1.0,0.0,0.0,2.0,-4.0,2.0,5.0,-2.0,0.0,-3.0,-3.0,1.0,-2.0,-3.0,-1.0,0.0,-1.0,-3.0,-2.0,-2.0,7,-0.26,-0.27,-0.06,-0.77,-0.96,1.0,-0.65,-0.111,0.0,0.0,0.222,-0.444,0.222,0.556,-0.222,0.0,-0.333,-0.333,0.111,-0.222,-0.333,-0.111,0.0,-0.111,-0.333,-0.222,-0.222,-0.9574,-0.9342,0.8918,-0.4951,-0.8467,-0.84032,0.0223,0.1512,-0.2033,-0.171,-0.1958,0.1215,-0.1834,-0.238,-0.0198,-0.1438,0.1686,0.1562,-0.2057,0.062,0.0768,-0.0793,-0.0099,-0.0099,0.0124,0.0074,0.1239,0.551482,0.0,-67.891,-39.02
29,0.445,61.846,-68.024,-38.501,97.296,53.37,4.965,18.676,23.974,0.002,0.0,0.998,0.001,0.998,0.0,0.0,0.0,0.0,0.001,0.0,4,-1,-2,-2,0,-1,-1,0,-2,-1,-1,-1,-1,-2,-1,1,0,-3,-2,0,0.873959,0.797516,0.95,0.1911273930269986,0.1593638145779191,0.2738612787525831,0.3271022543084387,0.4438260869565217,2.97,16.2,19.81,0.9996245977511437,0.7747238216503306,-0.8950122241805395,-0.660525988387206,-0.0273982402877353,0.6322997708108922,0.4460416108026287,0.7508031823754509,0.0029,0.0,0.9971,0.0005,0.0002,0.0016,0.9974,0.0004,0.0,0.0,0.0,0.0,9999.0,9999.0,9999.0,9999.0,9999.0,9999.0,9999.0,9999.0,9999.0,9999.0,9999.0,9999.0,9999.0,9999.0,9999.0,9999.0,9999.0,9999.0,9999.0,0.0,9999.0,9999.0,9999.0,9999.0,9999.0,9999.0,1000.0,0.0,0.0,4.0,-1.0,-2.0,-2.0,0.0,-1.0,-1.0,0.0,-2.0,-1.0,-1.0,-1.0,-1.0,-2.0,-1.0,1.0,0.0,-3.0,-2.0,0.0,1,0.0,-0.76,-0.75,-0.19,-0.19,1.0,-0.53,0.444,-0.111,-0.222,-0.222,0.0,-0.111,-0.111,0.0,-0.222,-0.111,-0.111,-0.111,-0.111,-0.222,-0.111,0.111,0.0,-0.333,-0.222,0.0,-0.9576,-0.9424,0.9,-0.1942,-0.85164,-0.86366,-0.0074,-0.1016,0.1413,0.0793,0.057,-0.0744,0.0644,0.0967,-0.0471,0.0694,-0.0446,-0.0273,0.1016,0.0223,-0.0273,0.0099,-0.0297,-0.0174,-0.0471,-0.0149,-0.0372,-0.665649,0.0,-68.024,-38.501
30,0.456,109.103,-68.021,-38.396,97.265,53.388,4.703,18.87,23.786,0.002,0.0,0.998,0.001,0.998,0.0,0.0,0.0,0.0,0.001,0.0,-1,2,0,-1,-3,1,1,-2,-1,-3,-2,4,-1,-3,-1,0,-1,-3,-2,-2,0.873959,0.794751,0.95,0.774673510337773,0.2738612787525831,-0.0413449115297361,1.0,0.5821000000000001,2.18,16.83,18.86,0.9994209020316728,0.7671651518152995,-0.9049756223482776,-0.6586894601186805,-0.0340273505021674,0.6414496315691579,0.4254634214069964,0.7524149088957244,0.0038,0.0,0.9962,0.0005,0.0002,0.0021,0.9965,0.0006,0.0,0.0,0.0,9999.0,9999.0,9999.0,9999.0,9999.0,9999.0,9999.0,9999.0,0.0,9999.0,9999.0,9999.0,9999.0,9999.0,9999.0,9999.0,9999.0,9999.0,9999.0,9999.0,0.0,9999.0,9999.0,9999.0,9999.0,9999.0,9999.0,1000.0,0.0,0.0,-1.0,2.0,0.0,-1.0,-3.0,1.0,1.0,-2.0,-1.0,-3.0,-2.0,4.0,-1.0,-3.0,-1.0,0.0,-1.0,-3.0,-2.0,-2.0,12,-0.1,0.07,0.18,-0.99,0.81,0.31,-0.29,-0.111,0.222,0.0,-0.111,-0.333,0.111,0.111,-0.222,-0.111,-0.333,-0.222,0.444,-0.111,-0.333,-0.111,0.0,-0.111,-0.333,-0.222,-0.222,-0.9592,-0.937,0.8962,-0.0617,-0.88066,-0.84742,0.0,0.1785,-0.1264,-0.0917,-0.1041,0.1487,-0.1586,-0.1661,0.0992,-0.0768,0.1388,0.1016,-0.1363,0.0248,0.0694,0.005,0.0124,0.0099,-0.0099,0.0074,0.1239,0.164508,0.0,-68.021,-38.396
31,0.47,62.002,-68.325,-38.705,97.206,53.963,9.41,16.744,27.091,0.003,0.0,0.997,0.001,0.997,0.0,0.0,0.0,0.0,0.001,0.001,-1,-2,-3,-4,-1,-2,-3,-4,-3,2,4,-2,2,0,-3,-2,-1,-2,-1,1,0.873959,0.793435,0.95,0.3271022543084387,-0.0413449115297361,-0.0413449115297361,0.3271022543084387,0.4939411764705882,2.74,15.28,18.37,0.9994089633576716,0.7673890132335108,-0.9000147033970147,-0.6617045318921277,-0.0343762121290921,0.6411818013391354,0.4358595343332341,0.7497647047397071,0.0053,0.0,0.9947,0.0008,0.0003,0.0031,0.9948,0.001,0.0,0.0,0.0,9999.0,9999.0,9999.0,9999.0,9999.0,9999.0,9999.0,9999.0,9999.0,0.0,9999.0,9999.0,9999.0,9999.0,9999.0,9999.0,9999.0,9999.0,9999.0,9999.0,0.0,9999.0,9999.0,9999.0,9999.0,9999.0,9999.0,1000.0,0.0,0.0,-1.0,-2.0,-3.0,-4.0,-1.0,-2.0,-3.0,-4.0,-3.0,2.0,4.0,-2.0,2.0,0.0,-3.0,-2.0,-1.0,-2.0,-1.0,1.0,11,0.24,-0.07,-0.01,0.66,-0.21,0.79,-0.06,-0.111,-0.222,-0.333,-0.444,-0.111,-0.222,-0.333,-0.444,-0.333,0.222,0.444,-0.222,0.222,0.0,-0.333,-0.222,-0.111,-0.222,-0.111,0.111,-0.9604,-0.9344,0.8948,-0.7433,-0.8289,-0.79554,-0.0992,-0.1289,0.2528,0.2057,0.2652,0.0099,0.238,0.2702,0.1091,0.2528,-0.0545,-0.0694,0.2578,-0.0074,0.0595,0.2057,0.0099,-0.0223,0.1215,0.1215,-0.0496,-2.403912,0.0,-68.325,-38.705
32,0.493,108.327,-68.104,-38.42,97.383,53.487,4.79,18.402,23.497,0.005,0.0,0.994,0.002,0.994,0.0,0.0,0.0,0.0,0.002,0.001,-1,2,0,-1,-3,1,1,-2,-1,-3,-2,4,-1,-3,-1,0,-1,-3,-2,-2,0.873959,0.792643,0.95,1.0,-0.0413449115297361,0.2738612787525831,0.774673510337773,0.56615,2.07,14.99,17.16,0.9994444140490196,0.7704019795672431,-0.9016061632251742,-0.6511716815678319,-0.0333296148524378,0.637558459969651,0.4325578879576474,0.7589304586878314,0.0093,0.0,0.9907,0.0015,0.0007,0.0055,0.9904,0.002,0.0,0.0,0.0,9999.0,9999.0,9999.0,9999.0,9999.0,9999.0,9999.0,9999.0,0.0,9999.0,9999.0,9999.0,9999.0,9999.0,9999.0,9999.0,9999.0,9999.0,9999.0,9999.0,0.0,9999.0,9999.0,9999.0,9999.0,9999.0,9999.0,1000.0,0.0,0.0,-1.0,2.0,0.0,-1.0,-3.0,1.0,1.0,-2.0,-1.0,-3.0,-2.0,4.0,-1.0,-3.0,-1.0,0.0,-1.0,-3.0,-2.0,-2.0,12,-0.1,0.07,0.18,-0.99,0.81,0.31,-0.29,-0.111,0.222,0.0,-0.111,-0.333,0.111,0.111,-0.222,-0.111,-0.333,-0.222,0.444,-0.111,-0.333,-0.111,0.0,-0.111,-0.333,-0.222,-0.222,-0.9596,-0.93,0.8896,-0.1123,-0.81916,-0.7662,0.0,0.1785,-0.1264,-0.0917,-0.1041,0.1487,-0.1586,-0.1661,0.0992,-0.0768,0.1388,0.1016,-0.1363,0.0248,0.0694,0.005,0.0124,0.0099,-0.0099,0.0074,0.1239,0.061806,0.0,-68.104,-38.42
33,0.524,65.208,-69.44,-36.812,97.945,53.931,4.461,18.095,22.805,0.012,0.001,0.987,0.004,0.985,0.0,0.0,0.001,0.001,0.006,0.003,4,-1,-2,-2,0,-1,-1,0,-2,-1,-1,-1,-1,-2,-1,1,0,-3,-2,0,0.873959,0.792329,0.95,0.3271022543084387,0.2738612787525831,0.1593638145779191,0.3630763239452583,0.4732173913043478,2.42,12.5,15.94,0.999544189893512,0.777255786748541,-0.90039471984608,-0.6415835173766988,-0.0301896083135079,0.6291847439074684,0.4350739574753918,0.7670531860507087,0.0224,0.0001,0.9775,0.0036,0.0018,0.0144,0.9738,0.0063,0.0,0.0,0.0,0.0,9999.0,9999.0,9999.0,9999.0,9999.0,9999.0,9999.0,9999.0,9999.0,9999.0,9999.0,9999.0,9999.0,9999.0,9999.0,9999.0,9999.0,9999.0,9999.0,0.0,9999.0,9999.0,9999.0,9999.0,9999.0,9999.0,1000.0,0.0,0.0,4.0,-1.0,-2.0,-2.0,0.0,-1.0,-1.0,0.0,-2.0,-1.0,-1.0,-1.0,-1.0,-2.0,-1.0,1.0,0.0,-3.0,-2.0,0.0,1,0.0,-0.76,-0.75,-0.19,-0.19,1.0,-0.53,0.444,-0.111,-0.222,-0.222,0.0,-0.111,-0.111,0.0,-0.222,-0.111,-0.111,-0.111,-0.111,-0.222,-0.111,0.111,0.0,-0.333,-0.222,0.0,-0.9566,-0.926,0.8828,-0.0672,-0.75458,-0.70894,-0.0074,-0.1016,0.1413,0.0793,0.057,-0.0744,0.0644,0.0967,-0.0471,0.0694,-0.0446,-0.0273,0.1016,0.0223,-0.0273,0.0099,-0.0297,-0.0174,-0.0471,-0.0149,-0.0372,-0.710892,0.2,-69.44,-36.812
34,0.567,110.022,-70.791,-34.814,98.396,54.307,4.534,17.49,22.361,0.036,0.001,0.963,0.009,0.953,0.0,0.0,0.001,0.003,0.028,0.005,-1,0,0,2,-4,2,5,-2,0,-3,-3,1,-2,-3,-1,0,-1,-3,-2,-2,0.873959,0.790143,0.95,0.774673510337773,0.1593638145779191,-0.2351778943168525,0.8397918225669415,0.6361578947368421,1.65,11.98,14.02,0.999158993058171,0.78130264974832,-0.9193414807542452,-0.6047381263496996,-0.0410037387439448,0.6241523608032369,0.3934605974739935,0.7964243834407977,0.0632,0.0001,0.9367,0.0069999999999999,0.0044,0.0465,0.9298,0.0121999999999999,0.0,0.0,0.0,9999.0,9999.0,9999.0,0.0,9999.0,9999.0,9999.0,9999.0,9999.0,9999.0,9999.0,9999.0,9999.0,9999.0,9999.0,9999.0,9999.0,9999.0,9999.0,9999.0,0.0,9999.0,9999.0,9999.0,9999.0,9999.0,9999.0,1000.0,0.0,0.0,-1.0,0.0,0.0,2.0,-4.0,2.0,5.0,-2.0,0.0,-3.0,-3.0,1.0,-2.0,-3.0,-1.0,0.0,-1.0,-3.0,-2.0,-2.0,7,-0.26,-0.27,-0.06,-0.77,-0.96,1.0,-0.65,-0.111,0.0,0.0,0.222,-0.444,0.222,0.556,-0.222,0.0,-0.333,-0.333,0.111,-0.222,-0.333,-0.111,0.0,-0.111,-0.333,-0.222,-0.222,-0.9552,-0.919,0.8742,-0.1712,-0.66448,-0.68246,0.0223,0.1512,-0.2033,-0.171,-0.1958,0.1215,-0.1834,-0.238,-0.0198,-0.1438,0.1686,0.1562,-0.2057,0.062,0.0768,-0.0793,-0.0099,-0.0099,0.0124,0.0074,0.1239,0.266081,0.4,-70.791,-34.814
35,0.616,102.633,-72.708,-31.332,98.873,54.548,4.414,15.308,20.306,0.119,0.001,0.88,0.013,0.86,0.0,0.001,0.001,0.011,0.099,0.016,-1,-3,-3,-3,-1,-3,-3,-4,-3,4,2,-3,1,0,-3,-2,-1,-3,-1,3,0.873676,0.789976,0.95,0.3630763239452583,-0.2351778943168525,-0.2533723166886973,-0.1347150628109126,0.7033714285714285,1.46,10.01,12.08,0.99837182021615,0.780757676632969,-0.941470544812038,-0.5144395337815064,-0.0570412885398922,0.6248339382417445,0.3370952584230821,0.8575266561936522,0.1674,0.0004,0.8321999999999999,0.0227,0.0148,0.1221,0.8271,0.0128,0.0001,0.0001,0.0003,9999.0,9999.0,9999.0,9999.0,9999.0,9999.0,9999.0,0.0,9999.0,9999.0,9999.0,9999.0,9999.0,9999.0,9999.0,9999.0,9999.0,9999.0,9999.0,9999.0,0.0,9999.0,9999.0,9999.0,9999.0,9999.0,9999.0,1000.0,0.0,0.0,-1.0,-3.0,-3.0,-3.0,-1.0,-3.0,-3.0,-4.0,-3.0,4.0,2.0,-3.0,1.0,0.0,-3.0,-2.0,-1.0,-3.0,-1.0,3.0,10,1.0,-0.07,-0.01,0.72,-0.21,0.17,0.76,-0.111,-0.333,-0.333,-0.333,-0.111,-0.333,-0.333,-0.444,-0.333,0.444,0.222,-0.333,0.111,0.0,-0.333,-0.222,-0.111,-0.333,-0.111,0.333,-0.954,-0.9166,0.8708,-0.52,-0.63498,-0.57316,-0.1388,-0.1462,0.2231,0.2404,0.3173,0.0868,0.2355,0.2603,0.1611,0.3049,0.0025,-0.0322,0.2157,0.0198,0.1537,0.2553,0.0223,0.0074,0.2578,0.2008,-0.0248,-1.444113,0.6,-72.708,-31.332
36,0.675,125.646,-85.823,-0.199,103.437,59.014,4.226,14.36,18.609,0.488,0.005,0.507,0.033,0.522,0.0,0.004,0.003,0.076,0.224,0.139,-1,1,0,0,-3,5,2,-2,0,-3,-2,1,0,-3,-1,0,-1,-2,-1,-2,0.873283,0.789239,0.95,0.8397918225669415,-0.2533723166886973,0.7975322515783875,0.0,0.7685000000000001,1.2,9.19,11.05,0.9936113105200084,0.8214479214839504,-0.9858501284635584,-0.2128598564090446,-0.1128563848734817,0.5702835367514107,0.1676291269689885,0.9770827403702927,0.4845,0.0019,0.5136999999999999,0.2045,0.0118,0.2428,0.5283,0.0108,0.0,0.0005,0.0014,9999.0,9999.0,9999.0,9999.0,9999.0,9999.0,9999.0,9999.0,9999.0,9999.0,9999.0,9999.0,9999.0,0.0,9999.0,9999.0,9999.0,9999.0,9999.0,9999.0,0.0,9999.0,9999.0,9999.0,9999.0,9999.0,9999.0,1000.0,0.0,0.0,-1.0,1.0,0.0,0.0,-3.0,5.0,2.0,-2.0,0.0,-3.0,-2.0,1.0,0.0,-3.0,-1.0,0.0,-1.0,-2.0,-1.0,-2.0,6,-0.26,-0.12,-0.02,-0.52,-0.31,0.59,-0.41,-0.111,0.111,0.0,0.0,-0.333,0.556,0.222,-0.222,0.0,-0.333,-0.222,0.111,0.0,-0.333,-0.111,0.0,-0.111,-0.222,-0.111,-0.222,-0.9508,-0.8232,0.774,0.2217,-0.44276,-0.28824,0.0174,0.1363,-0.1091,-0.0942,-0.0917,0.0595,-0.1115,-0.0917,0.0273,-0.0843,0.0669,0.0446,-0.0843,-0.005,0.0074,-0.0273,0.0124,-0.0149,-0.0521,-0.0273,0.0669,0.218226,0.8,-85.823,-0.199
37,0.711,178.331,-96.994,112.993,111.967,108.104,4.286,8.331,12.701,1.0,0.0,0.0,0.0,0.0,0.0,0.0,0.0,0.0,0.0,1.0,-1,2,0,-1,-3,1,1,-2,-1,-3,-2,4,-1,-3,-1,0,-1,-3,-2,-2,0.872863,0.788202,0.95,-0.1347150628109126,0.7975322515783875,0.0,0.0,0.7397499999999999,2.42,10.88,14.79,0.9727354157538723,0.9947386378799532,-0.9691449269510164,0.8316634922384272,-0.2319176813831601,-0.1024453137470674,0.2464916034373358,0.5552799615309233,0.9993,0.0001,0.0006,0.9965,0.0008,0.002,0.0005,0.0,0.0,0.0,0.0,9999.0,9999.0,9999.0,9999.0,9999.0,9999.0,9999.0,9999.0,0.0,9999.0,9999.0,9999.0,9999.0,9999.0,9999.0,9999.0,9999.0,9999.0,9999.0,9999.0,0.0,9999.0,9999.0,0.0,9999.0,9999.0,9999.0,1000.0,0.0,0.0,-1.0,2.0,0.0,-1.0,-3.0,1.0,1.0,-2.0,-1.0,-3.0,-2.0,4.0,-1.0,-3.0,-1.0,0.0,-1.0,-3.0,-2.0,-2.0,12,-0.1,0.07,0.18,-0.99,0.81,0.31,-0.29,-0.111,0.222,0.0,-0.111,-0.333,0.111,0.111,-0.222,-0.111,-0.333,-0.222,0.444,-0.111,-0.333,-0.111,0.0,-0.111,-0.333,-0.222,-0.222,-0.9556,-0.323,0.2786,0.4341,-0.40444,0.35132,0.0,0.1785,-0.1264,-0.0917,-0.1041,0.1487,-0.1586,-0.1661,0.0992,-0.0768,0.1388,0.1016,-0.1363,0.0248,0.0694,0.005,0.0124,0.0099,-0.0099,0.0074,0.1239,0.013007,1.0,-96.994,112.993
